,0,1,2
0,https://www.amazon.com.br/Iphone-Apple-Preto-64gb-Desbloqueado/dp/B07SS4C6Y4/ref=sr_1_1?dchild=1&keywords=iphone&qid=1607914782&sr=8-1,"4,6 de 5 estrelas",16
1,https://www.amazon.com.br/Novo-Iphone-64Gb-Branco-Ios/dp/B07JK2XN6J/ref=sr_1_2?dchild=1&keywords=iphone&qid=1607914782&sr=8-2,"5,0 de 5 estrelas",10
2,https://www.amazon.com.br/Iphone-Apple-Branco-128gb-Desbloqueado/dp/B07SS3R9FQ/ref=sr_1_3?dchild=1&keywords=iphone&qid=1607914782&sr=8-3,"4,6 de 5 estrelas",14
3,https://www.amazon.com.br/Xiaomi-Redmi-Note-128GB-4GB/dp/B088HJ3FCX/ref=sr_1_4?dchild=1&keywords=iphone&qid=1607914782&sr=8-4,"4,7 de 5 estrelas",7.538
4,https://www.amazon.com.br/IPHONE-11-PRETO-TELA-C%C3%82MERA/dp/B086VQTMPR/ref=sr_1_5?dchild=1&keywords=iphone&qid=1607914782&sr=8-5,"5,0 de 5 estrelas",13
5,https://www.amazon.com.br/Iphone-Xs-64Gb-Prata/dp/B07HMFCS5G/ref=sr_1_6?dchild=1&keywords=iphone&qid=1607914782&sr=8-6,"4,7 de 5 estrelas",220
6,https://www.amazon.com.br/Iphone-Apple-Cinza-Espacial-Desbloqueado/dp/B0768F1ZMP/ref=sr_1_7?dchild=1&keywords=iphone&qid=1607914782&sr=8-7,"5,0 de 5 estrelas",2
7,https://www.amazon.com.br/iPhone-XS-64GB-Dourado/dp/B07J6HZT43/ref=sr_1_8?dchild=1&keywords=iphone&qid=1607914782&sr=8-8,"4,5 de 5 estrelas",144
8,https://www.amazon.com.br/Iphone-128Gb-Branco-Wi-Fi-C%C3%A2mera/dp/B087SF4G2N/ref=sr_1_9?dchild=1&keywords=iphone&qid=1607914782&sr=8-9,"5,0 de 5 estrelas",40
9,https://www.amazon.com.br/Impacto-GEONAV-Anti-Impacto-Branco-Transparente/dp/B07C87XF18/ref=sr_1_10?dchild=1&keywords=iphone&qid=1607914782&sr=8-10,"4,7 de 5 estrelas",128
10,https://www.amazon.com.br/iPhone-Plus-Apple-Ouro-C%C3%A2mera/dp/B00T6BW24Q/ref=sr_1_11?dchild=1&keywords=iphone&qid=1607914782&sr=8-11,"4,0 de 5 estrelas",20
11,https://www.amazon.com.br/Smartphone-Xiaomi-Redmi-Moonlight-Branco/dp/B07YJHXZT6/ref=sr_1_12?dchild=1&keywords=iphone&qid=1607914782&sr=8-12,"4,8 de 5 estrelas",44.822
12,https://www.amazon.com.br/Pel%C3%ADcula-Privacidade-Temperado-Polegadas-Prote%C3%A7%C3%A3o/dp/B083X5PQPG/ref=sr_1_13?dchild=1&keywords=iphone&qid=1607914782&sr=8-13,"4,3 de 5 estrelas",27
13,https://www.amazon.com.br/Redmi-Note-9S-Aurora-128GB/dp/B086CXR646/ref=sr_1_14?dchild=1&keywords=iphone&qid=1607914782&sr=8-14,"4,8 de 5 estrelas",1.795
14,https://www.amazon.com.br/Redmi-Note-128gb-6gb-RAM/dp/B085S4M9Z7/ref=sr_1_15?dchild=1&keywords=iphone&qid=1607914782&sr=8-15,"4,8 de 5 estrelas",4.789
15,https://www.amazon.com.br/Lightning-Powerline-Anker-11132051-Preto/dp/B07CT7N6V1/ref=sr_1_16?dchild=1&keywords=iphone&qid=1607914782&sr=8-16,"4,7 de 5 estrelas",576
16,https://www.amazon.com.br/iPhone-Plus-32GB-Cinza-Espacial/dp/B075Z7XNW8/ref=sr_1_17?dchild=1&keywords=iphone&qid=1607914782&sr=8-17,"4,2 de 5 estrelas",27
17,https://www.amazon.com.br/Protetora-Polegadas-Transparente-Prote%C3%A7%C3%A3o-Silicone/dp/B08P617K7S/ref=sr_1_18?dchild=1&keywords=iphone&qid=1607914782&sr=8-18,Sem avaliação,Sem avaliação
18,https://www.amazon.com.br/iPhone-Apple-Dourado-Tela-C%C3%A2mera/dp/B0762WTVBM/ref=sr_1_19?dchild=1&keywords=iphone&qid=1607914782&sr=8-19,"3,8 de 5 estrelas",17
19,https://www.amazon.com.br/Iphone-11-Apple-Verde-64gb/dp/B087Y88DK9/ref=sr_1_20?dchild=1&keywords=iphone&qid=1607914782&sr=8-20,"5,0 de 5 estrelas",2
20,https://www.amazon.com.br/Celular-Apple-iPhone-64gb-Tela/dp/B07XS47PVF/ref=sr_1_21?dchild=1&keywords=iphone&qid=1607914782&sr=8-21,"4,8 de 5 estrelas",1.567
21,https://www.amazon.com.br/iPhone-7-32GB-Ouro-Rosa/dp/B075MFX3RY/ref=sr_1_22?dchild=1&keywords=iphone&qid=1607914782&sr=8-22,"4,6 de 5 estrelas",19
22,https://www.amazon.com.br/Protetora-Shield-Pelicula-Laut-Celular/dp/B07F29PY1Y/ref=sr_1_23?dchild=1&keywords=iphone&qid=1607914782&sr=8-23,"4,6 de 5 estrelas",19
23,https://www.amazon.com.br/Iphone-Apple-Preto-128gb-Desbloqueado/dp/B07Z5HK9DC/ref=sr_1_24?dchild=1&keywords=iphone&qid=1607914782&sr=8-24,"4,2 de 5 estrelas",3
24,https://www.amazon.com.br/Iphone-11-Apple-Preto-256gb/dp/B088J6D52R/ref=sr_1_25?dchild=1&keywords=iphone&qid=1607914782&sr=8-25,"5,0 de 5 estrelas",10
25,https://www.amazon.com.br/Iphone-Apple-Preto-128gb-Desbloqueado/dp/B088FY6RB8/ref=sr_1_26?dchild=1&keywords=iphone&qid=1607914782&sr=8-26,"5,0 de 5 estrelas",3
26,https://www.amazon.com.br/Celular-Apple-iPhone-128gb-Tela/dp/B07YGY917V/ref=sr_1_27?dchild=1&keywords=iphone&qid=1607914782&sr=8-27,"4,8 de 5 estrelas",1.502
27,https://www.amazon.com.br/Celular-Apple-iPhone-64gb-Tela/dp/B07XS3ZX16/ref=sr_1_28?dchild=1&keywords=iphone&qid=1607914782&sr=8-28,"4,8 de 5 estrelas",502
28,https://www.amazon.com.br/Iphone-Apple-Dourado-512gb-Desbloqueado/dp/B081FCDGVT/ref=sr_1_29?dchild=1&keywords=iphone&qid=1607914782&sr=8-29,Sem avaliação,Sem avaliação
29,https://www.amazon.com.br/iPhone-Apple-Traseira-Resistente-Reconhecimento/dp/B07P6Y7954/ref=sr_1_30?dchild=1&keywords=iphone&qid=1607914782&sr=8-30,"4,5 de 5 estrelas",2.840
30,https://www.amazon.com.br/Apple-Iphone-128GB-Preto-Desbloqueado/dp/B08L7S2WC4/ref=sr_1_31?dchild=1&keywords=iphone&qid=1607914782&sr=8-31,Sem avaliação,Sem avaliação
31,https://www.amazon.com.br/Iphone-64gb-Cinza-Espacial-Lacrado/dp/B075TKSDL4/ref=sr_1_32?dchild=1&keywords=iphone&qid=1607914782&sr=8-32,"4,6 de 5 estrelas",455
32,https://www.amazon.com.br/Compat%C3%ADvel-Apple-iPhone-11-6-1/dp/B07XRVC9BD/ref=sr_1_33?dchild=1&keywords=iphone&qid=1607914782&sr=8-33,"4,3 de 5 estrelas",156
33,https://www.amazon.com.br/iPhone-Pro-Max-Tela-Polegadas/dp/B07Z6PFN15/ref=sr_1_34?dchild=1&keywords=iphone&qid=1607914782&sr=8-34,"5,0 de 5 estrelas",2
34,https://www.amazon.com.br/Pel%C3%ADcula-Vidro-Temperado-Camera-Iphone/dp/B08P66CC54/ref=sr_1_35?dchild=1&keywords=iphone&qid=1607914782&sr=8-35,Sem avaliação,Sem avaliação
35,https://www.amazon.com.br/iPhone-64GB-Black-Desbloqueado-Apple/dp/B088C5JVXS/ref=sr_1_36?dchild=1&keywords=iphone&qid=1607914782&sr=8-36,"3,7 de 5 estrelas",7
36,https://www.amazon.com.br/Iphone-Apple-Verde-meia-noite-Desbloqueado/dp/B07Z5F41N5/ref=sr_1_37?dchild=1&keywords=iphone&qid=1607914782&sr=8-37,Sem avaliação,Sem avaliação
37,https://www.amazon.com.br/iPhone-32GB-Preto-Matte-Retina/dp/B07D4PSY31/ref=sr_1_38?dchild=1&keywords=iphone&qid=1607914782&sr=8-38,"3,6 de 5 estrelas",9
38,https://www.amazon.com.br/Smartphone-LG-Platinum-Camera-Traseira/dp/B07YBKGHKY/ref=sr_1_39?dchild=1&keywords=iphone&qid=1607914782&sr=8-39,"4,5 de 5 estrelas",344
39,https://www.amazon.com.br/Carregamento-Ultrarr%C3%A1pido-Carregador-acompanha-Geonav/dp/B082J9YNHQ/ref=sr_1_40?dchild=1&keywords=iphone&qid=1607914782&sr=8-40,"4,6 de 5 estrelas",41
40,https://www.amazon.com.br/Pel%C3%ADcula-Silicone-Flex%C3%ADvel-Iphone-Polegadas/dp/B085MHJFHB/ref=sr_1_41?dchild=1&keywords=iphone&qid=1607914782&sr=8-41,"2,5 de 5 estrelas",8
41,https://www.amazon.com.br/Iphone-Apple-Product-Retina-C%C3%A3%C2%A2Mera/dp/B07JJS4HLJ/ref=sr_1_42?dchild=1&keywords=iphone&qid=1607914782&sr=8-42,"4,4 de 5 estrelas",5
42,https://www.amazon.com.br/iPhone-7-Plus-128GB-Dourado/dp/B075L4DC8J/ref=sr_1_43?dchild=1&keywords=iphone&qid=1607914782&sr=8-43,"5,0 de 5 estrelas",3
43,https://www.amazon.com.br/Novo-Apple-iPhone-128-Branco/dp/B08L5S4CRB/ref=sr_1_44?dchild=1&keywords=iphone&qid=1607914782&sr=8-44,"5,0 de 5 estrelas",1
44,https://www.amazon.com.br/iPhone-2020-User-Guide-Screenshots/dp/B08DBYPSNF/ref=sr_1_45?dchild=1&keywords=iphone&qid=1607914782&sr=8-45,"3,0 de 5 estrelas",9
45,https://www.amazon.com.br/Lightning-Powerline-Anker-11132074-Vermelho/dp/B07F6SFWWX/ref=sr_1_46?dchild=1&keywords=iphone&qid=1607914782&sr=8-46,"4,6 de 5 estrelas",484
46,https://www.amazon.com.br/Veicular-Carregador-Lightning-GEONAV-LIGH31/dp/B076KCCRP3/ref=sr_1_47?dchild=1&keywords=iphone&qid=1607914782&sr=8-47,"3,7 de 5 estrelas",18
47,https://www.amazon.com.br/iPhone-Spigen-Ultra-Hybrid-Anti-Impacto/dp/B07T6Y2HG7/ref=sr_1_48?dchild=1&keywords=iphone&qid=1607914782&sr=8-48,"4,6 de 5 estrelas",16.465
48,https://www.amazon.com.br/Novo-Apple-iPhone-Mini-Preto/dp/B08L5PYTWY/ref=sr_1_49?dchild=1&keywords=iphone&qid=1607914788&sr=8-49,Sem avaliação,Sem avaliação
49,https://www.amazon.com.br/iPhone-WB-Liberty-Queda-Horizontal/dp/B08F16X6XM/ref=sr_1_50?dchild=1&keywords=iphone&qid=1607914788&sr=8-50,"4,4 de 5 estrelas",9
50,https://www.amazon.com.br/iPhone-Apple-Vermelho-Retina-Camera/dp/B07CLNFJKN/ref=sr_1_51?dchild=1&keywords=iphone&qid=1607914788&sr=8-51,"4,3 de 5 estrelas",26
51,https://www.amazon.com.br/iPhone-Spigen-Liquid-Black-Anti-Impacto/dp/B07GJKQD4Z/ref=sr_1_52?dchild=1&keywords=iphone&qid=1607914788&sr=8-52,"4,7 de 5 estrelas",10.725
52,https://www.amazon.com.br/Apple-Iphone-Cinza-Espacial-Lan%C3%A7amento/dp/B0779GBX99/ref=sr_1_53?dchild=1&keywords=iphone&qid=1607914788&sr=8-53,"4,5 de 5 estrelas",5
53,https://www.amazon.com.br/Iphone-Apple-Branco-256gb-Desbloqueado/dp/B088FXPB7D/ref=sr_1_54?dchild=1&keywords=iphone&qid=1607914788&sr=8-54,"5,0 de 5 estrelas",1
54,https://www.amazon.com.br/iPhone-Apple-Prata-Retina-C%C3%A2mera/dp/B0777TT2C2/ref=sr_1_55?dchild=1&keywords=iphone&qid=1607914788&sr=8-55,"4,6 de 5 estrelas",247
55,https://www.amazon.com.br/iPhone-Spigen-Ultra-Hybrid-Anti-Impacto/dp/B07T2N5544/ref=sr_1_56?dchild=1&keywords=iphone&qid=1607914788&sr=8-56,"4,7 de 5 estrelas",5.968
56,https://www.amazon.com.br/Abbery-compat%C3%ADvel-borboleta-diamante-telefone/dp/B08L4F6MH6/ref=sr_1_57?dchild=1&keywords=iphone&qid=1607914788&sr=8-57,"5,0 de 5 estrelas",2
57,https://www.amazon.com.br/Pel%C3%ADculas-Temperado-Original-Spigen-iPhone/dp/B07GX33WVR/ref=sr_1_58?dchild=1&keywords=iphone&qid=1607914788&sr=8-58,"4,7 de 5 estrelas",21.777
58,https://www.amazon.com.br/Capinha-iPhone-Vidro-Temperado-Transparente/dp/B08NXSVZL2/ref=sr_1_59?dchild=1&keywords=iphone&qid=1607914788&sr=8-59,Sem avaliação,Sem avaliação
59,https://www.amazon.com.br/Protetora-iPhone-Privilege-Flex%C3%ADvel-Transparente/dp/B07DPKPQCC/ref=sr_1_60?dchild=1&keywords=iphone&qid=1607914788&sr=8-60,"4,7 de 5 estrelas",12
60,https://www.amazon.com.br/IPhone-User-Guide-Illustrated-Beginners-ebook/dp/B08QG4VLP4/ref=sr_1_61?dchild=1&keywords=iphone&qid=1607914788&sr=8-61,Sem avaliação,Sem avaliação
61,https://www.amazon.com.br/Carregar-Anker-PowerPort-pot%C3%AAncia-Carregamento/dp/B07ZLCMRZ6/ref=sr_1_62?dchild=1&keywords=iphone&qid=1607914788&sr=8-62,"4,6 de 5 estrelas",93
62,https://www.amazon.com.br/Iphone-Crystal-Spigen-Anti-Impacto-Transparente/dp/B07GTF17NV/ref=sr_1_63?dchild=1&keywords=iphone&qid=1607914788&sr=8-63,"4,6 de 5 estrelas",7.026
63,https://www.amazon.com.br/Clayco-Forza-Full-Body-Compatible-Fingerprint/dp/B08HVJLKJ8/ref=sr_1_64?dchild=1&keywords=iphone&qid=1607914788&sr=8-64,"4,3 de 5 estrelas",13
64,https://www.amazon.com.br/Pel%C3%ADcula-Hprime-Premium-Invisivel-Iphone/dp/B07B4N7B34/ref=sr_1_65?dchild=1&keywords=iphone&qid=1607914788&sr=8-65,"4,4 de 5 estrelas",23
65,https://www.amazon.com.br/Lightning-Pinos-Elg-Inx810Gy-Cinza/dp/B07D19GN5Z/ref=sr_1_66?dchild=1&keywords=iphone&qid=1607914788&sr=8-66,"4,3 de 5 estrelas",203
66,https://www.amazon.com.br/Pelicula-Hprime-invisivel-Protetora-Transparente/dp/B07LC5CJKD/ref=sr_1_67?dchild=1&keywords=iphone&qid=1607914788&sr=8-67,"3,5 de 5 estrelas",49
67,https://www.amazon.com.br/Lightning-Powerline-Anker-11132072-Espacial/dp/B07F6KM2P8/ref=sr_1_68?dchild=1&keywords=iphone&qid=1607914788&sr=8-68,"4,6 de 5 estrelas",100
68,https://www.amazon.com.br/Microfone-Digital-Est%C3%A9reo-Motiv-MV88/dp/B010W6W8OW/ref=sr_1_69?dchild=1&keywords=iphone&qid=1607914788&sr=8-69,"4,4 de 5 estrelas",1.796
69,https://www.amazon.com.br/Cabo-Lightning-para-Energy2u-Preto/dp/B07ZLWF2M9/ref=sr_1_70?dchild=1&keywords=iphone&qid=1607914788&sr=8-70,"4,3 de 5 estrelas",90
70,https://www.amazon.com.br/Capa-Iphone-Apple-Silicone-Preto/dp/B07XQYNX38/ref=sr_1_71?dchild=1&keywords=iphone&qid=1607914788&sr=8-71,"4,7 de 5 estrelas",2.506
71,https://www.amazon.com.br/Cabos-Lightning-Recarga-Prisma-Cmb812wh/dp/B07JJFM5NQ/ref=sr_1_72?dchild=1&keywords=iphone&qid=1607914788&sr=8-72,"4,4 de 5 estrelas",39
72,https://www.amazon.com.br/Pel%C3%ADcula-Polegadas-Capinha-Transparente-Temperado/dp/B07ZS25Z2T/ref=sr_1_73?dchild=1&keywords=iphone&qid=1607914788&sr=8-73,"4,3 de 5 estrelas",71
73,https://www.amazon.com.br/Impacto-GEONAV-Anti-Impacto-Branco-Transparente/dp/B07D1H4LCN/ref=sr_1_74?dchild=1&keywords=iphone&qid=1607914788&sr=8-74,"4,6 de 5 estrelas",48
74,https://www.amazon.com.br/iShock-Refor%C3%A7ada-iPhone-Pel%C3%ADculas-Aplica%C3%A7%C3%A3o/dp/B087YLG5VV/ref=sr_1_75?dchild=1&keywords=iphone&qid=1607914788&sr=8-75,"4,3 de 5 estrelas",11
75,https://www.amazon.com.br/Protetora-Polegadas-Transparente-Prote%C3%A7%C3%A3o-Silicone/dp/B07ZQNYWGX/ref=sr_1_76?dchild=1&keywords=iphone&qid=1607914788&sr=8-76,"4,5 de 5 estrelas",87
76,https://www.amazon.com.br/Novo-Apple-iPhone-12-Branco/dp/B08L5Q1L2Q/ref=sr_1_77?dchild=1&keywords=iphone&qid=1607914788&sr=8-77,"5,0 de 5 estrelas",1
77,https://www.amazon.com.br/Celular-Original-Apple-Iphone-metros/dp/B00F4RASK6/ref=sr_1_78?dchild=1&keywords=iphone&qid=1607914788&sr=8-78,"4,5 de 5 estrelas",5.790
78,https://www.amazon.com.br/Pel%C3%ADcula-iPhone-Temperado-Premium-HPrime/dp/B07KR63Z9D/ref=sr_1_79?dchild=1&keywords=iphone&qid=1607914788&sr=8-79,"4,1 de 5 estrelas",69
79,https://www.amazon.com.br/Premium-iPhone-Multilaser-Protetora-Celular/dp/B077763DVF/ref=sr_1_80?dchild=1&keywords=iphone&qid=1607914788&sr=8-80,"4,7 de 5 estrelas",55
80,https://www.amazon.com.br/iPhone-Spigen-Liquid-Black-Anti-Impacto/dp/B07T1P48F9/ref=sr_1_81?dchild=1&keywords=iphone&qid=1607914788&sr=8-81,"4,7 de 5 estrelas",4.000
81,https://www.amazon.com.br/iPhone-Spigen-Tough-Armor-Anti-Impacto/dp/B07T1MYV8R/ref=sr_1_82?dchild=1&keywords=iphone&qid=1607914788&sr=8-82,"4,7 de 5 estrelas",6.869
82,https://www.amazon.com.br/Poliuretano-Customic-Protetora-Celular-Transparente/dp/B07K379TLX/ref=sr_1_83?dchild=1&keywords=iphone&qid=1607914788&sr=8-83,"4,5 de 5 estrelas",81
83,https://www.amazon.com.br/iPhone-Spigen-Crystal-Anti-Impacto-Transparente/dp/B07SZHHK5L/ref=sr_1_84?dchild=1&keywords=iphone&qid=1607914788&sr=8-84,"4,4 de 5 estrelas",4.778
84,https://www.amazon.com.br/Iphone-Plus-Apple-Dourado-Desbloqueado/dp/B07QSCTGLD/ref=sr_1_85?dchild=1&keywords=iphone&qid=1607914788&sr=8-85,Sem avaliação,Sem avaliação
85,https://www.amazon.com.br/gp/video/ssoredirect/?ru=https%3A%2F%2Fapp.primevideo.com%2Fdetail%3Fgti%3Damzn1.dv.gti.0ab3d096-0652-454c-fb82-ba6ac3b8063f%26ref_%3Ddvm_src_ret_br_xx_s&page-type-id=B07WJ7L3DG&ref=sr_1_86&keywords=iphone&qid=1607914788&sr=8-86,"4,7 de 5 estrelas",6.314
86,https://www.amazon.com.br/Smartphone-Xiaomi-64GB-4GB-Azul/dp/B07VD3JH2C/ref=sr_1_87?dchild=1&keywords=iphone&qid=1607914788&sr=8-87,"4,8 de 5 estrelas",5.050
87,https://www.amazon.com.br/iPhone-Spigen-Crystal-Anti-Impacto-Transparente/dp/B07SZJ2BMV/ref=sr_1_88?dchild=1&keywords=iphone&qid=1607914788&sr=8-88,"4,7 de 5 estrelas",17.023
88,https://www.amazon.com.br/Pelicula-Hprime-invisivel-Protetora-Transparente/dp/B07LC5XBGQ/ref=sr_1_89?dchild=1&keywords=iphone&qid=1607914788&sr=8-89,"3,7 de 5 estrelas",33
89,https://www.amazon.com.br/Carregador-carregamento-compat%C3%ADvel-dispositivos-habilitados/dp/B08PFRB8R7/ref=sr_1_90?dchild=1&keywords=iphone&qid=1607914788&sr=8-90,Sem avaliação,Sem avaliação
90,https://www.amazon.com.br/Cabo-Apple-Lightning-Elg-Cnv810Pk/dp/B07D3Y5QS4/ref=sr_1_91?dchild=1&keywords=iphone&qid=1607914788&sr=8-91,"3,7 de 5 estrelas",351
91,https://www.amazon.com.br/Apple-iPhone-Pro-Max-512Gb/dp/B07YJ53BFK/ref=sr_1_92?dchild=1&keywords=iphone&qid=1607914788&sr=8-92,Sem avaliação,Sem avaliação
92,https://www.amazon.com.br/Notebook-Ultraport%C3%A1til-Dell-Inspiron-i13-7391-A10S/dp/B07ZHRX3DV/ref=sr_1_93?dchild=1&keywords=iphone&qid=1607914788&sr=8-93,"5,0 de 5 estrelas",3
93,https://www.amazon.com.br/Pel%C3%ADcula-Vidro-Temperado-Cover-iPhone/dp/B07ZJW88Z4/ref=sr_1_94?dchild=1&keywords=iphone&qid=1607914788&sr=8-94,"3,9 de 5 estrelas",116
94,https://www.amazon.com.br/Microfone-Lightning-BOYA-microfone-universal/dp/B07ZX87GBN/ref=sr_1_95?dchild=1&keywords=iphone&qid=1607914788&sr=8-95,"4,3 de 5 estrelas",42
95,https://www.amazon.com.br/Iphone-11-Pro-256GB-Vitrine/dp/B084GSPKWP/ref=sr_1_96?dchild=1&keywords=iphone&qid=1607914788&sr=8-96,Sem avaliação,Sem avaliação
96,https://www.amazon.com.br/Iphone-11-Pro-256GB-Vitrine/dp/B084GSPKWP/ref=sr_1_97?dchild=1&keywords=iphone&qid=1607914789&sr=8-97,Sem avaliação,Sem avaliação
97,https://www.amazon.com.br/Pel%C3%ADculas-Temperado-Original-Spigen-iPhone/dp/B07GX1W3CF/ref=sr_1_98?dchild=1&keywords=iphone&qid=1607914789&sr=8-98,"4,7 de 5 estrelas",332
98,https://www.amazon.com.br/magn%C3%A9tica-PITAKA-polegadas-minimalista-material/dp/B07X94FZG4/ref=sr_1_99?dchild=1&keywords=iphone&qid=1607914789&sr=8-99,"4,4 de 5 estrelas",207
99,https://www.amazon.com.br/Novo-Apple-iPhone-128-Vermelho/dp/B08L5P8MRB/ref=sr_1_100?dchild=1&keywords=iphone&qid=1607914789&sr=8-100,"5,0 de 5 estrelas",1
100,https://www.amazon.com.br/Pel%C3%ADcula-Vidro-3D-Para-Iphone/dp/B08B4JKWZ5/ref=sr_1_101?dchild=1&keywords=iphone&qid=1607914789&sr=8-101,"4,1 de 5 estrelas",10
101,https://www.amazon.com.br/Fone-Ouvido-Apple-EarPods-Lightning/dp/B01M1EEPOB/ref=sr_1_102?dchild=1&keywords=iphone&qid=1607914789&sr=8-102,"4,5 de 5 estrelas",16.462
102,https://www.amazon.com.br/Pel%C3%ADcula-Hprime-Nanoshield-Iphone-Entrega/dp/B0794JFNWZ/ref=sr_1_103?dchild=1&keywords=iphone&qid=1607914789&sr=8-103,"4,1 de 5 estrelas",139
103,https://www.amazon.com.br/Apple-iPhone-7-128GB-Prateado/dp/B075W2PFL1/ref=sr_1_104?dchild=1&keywords=iphone&qid=1607914789&sr=8-104,"5,0 de 5 estrelas",3
104,https://www.amazon.com.br/iPhone-6s-32GB-Ouro-Rosa/dp/B075MG6R7C/ref=sr_1_105?dchild=1&keywords=iphone&qid=1607914789&sr=8-105,Sem avaliação,Sem avaliação
105,https://www.amazon.com.br/Apple-Iphone-Single-Tela-Branco/dp/B00MN9QLB8/ref=sr_1_106?dchild=1&keywords=iphone&qid=1607914789&sr=8-106,"3,2 de 5 estrelas",5
106,https://www.amazon.com.br/IPHONE-11-BRANCO-TELA-C%C3%82MERA/dp/B087XYKX6M/ref=sr_1_107?dchild=1&keywords=iphone&qid=1607914789&sr=8-107,Sem avaliação,Sem avaliação
107,https://www.amazon.com.br/FYY-polegadas-bloqueio-carteira-compartimentos/dp/B08FYMFHNF/ref=sr_1_108?dchild=1&keywords=iphone&qid=1607914789&sr=8-108,"4,6 de 5 estrelas",25
108,https://www.amazon.com.br/Protetora-Polegadas-Transparente-Prote%C3%A7%C3%A3o-Silicone/dp/B08P5XV2PR/ref=sr_1_109?dchild=1&keywords=iphone&qid=1607914789&sr=8-109,Sem avaliação,Sem avaliação
109,https://www.amazon.com.br/iPhone-Spigen-Rugged-Armor-Anti-Impacto/dp/B07T3RK9YB/ref=sr_1_110?dchild=1&keywords=iphone&qid=1607914789&sr=8-110,"4,7 de 5 estrelas",1.560
110,https://www.amazon.com.br/iPhone-XS-Max-Metallic-DIP1511GD/dp/B082QHGZ72/ref=sr_1_111?dchild=1&keywords=iphone&qid=1607914789&sr=8-111,"5,0 de 5 estrelas",1
111,https://www.amazon.com.br/iPhone-Lightning-Essential-GEONAV-ESLISG/dp/B076J1MQV1/ref=sr_1_112?dchild=1&keywords=iphone&qid=1607914789&sr=8-112,"4,2 de 5 estrelas",447
112,https://www.amazon.com.br/Cabo-Apple-Lightning-iPhone-MD819BZ/dp/B00WB1JLRO/ref=sr_1_113?dchild=1&keywords=iphone&qid=1607914789&sr=8-113,"4,1 de 5 estrelas",6
113,https://www.amazon.com.br/IPHONE-ORIGINAL-CERTIFICADO-LIGHTNING-METROS/dp/B089XK13TN/ref=sr_1_114?dchild=1&keywords=iphone&qid=1607914789&sr=8-114,"3,9 de 5 estrelas",5
114,https://www.amazon.com.br/compat%C3%ADvel-iPhone-12-polegadas-Babemall/dp/B08JCVDX9F/ref=sr_1_115?dchild=1&keywords=iphone&qid=1607914789&sr=8-115,"3,9 de 5 estrelas",2.356
115,https://www.amazon.com.br/Cabo-Usb-Lightning-Original-Apple/dp/B014LFT8H0/ref=sr_1_116?dchild=1&keywords=iphone&qid=1607914789&sr=8-116,"5,0 de 5 estrelas",12
116,https://www.amazon.com.br/Pel%C3%ADculas-Temperado-Original-Spigen-iPhone/dp/B07HRYZFN3/ref=sr_1_117?dchild=1&keywords=iphone&qid=1607914789&sr=8-117,"4,7 de 5 estrelas",15.987
117,https://www.amazon.com.br/iPhone-Spigen-Hybrid-Black-Anti-Impacto/dp/B07T5XKJ3V/ref=sr_1_118?dchild=1&keywords=iphone&qid=1607914789&sr=8-118,"4,5 de 5 estrelas",270
118,https://www.amazon.com.br/Transparente-Impacto-iPhone-Antichoque-Silicone/dp/B07SX96QLL/ref=sr_1_119?dchild=1&keywords=iphone&qid=1607914789&sr=8-119,"4,8 de 5 estrelas",11
119,https://www.amazon.com.br/Adaptador-iPhone-Lightning-Ouvido-Qualidade/dp/B084YYL12K/ref=sr_1_120?dchild=1&keywords=iphone&qid=1607914789&sr=8-120,"3,1 de 5 estrelas",154
120,https://www.amazon.com.br/Cabo-Lightning-para-USB-Metro/dp/B0097BEFYA/ref=sr_1_121?dchild=1&keywords=iphone&qid=1607914789&sr=8-121,"3,8 de 5 estrelas",26
121,https://www.amazon.com.br/Pel%C3%ADcula-Temperado-GEONAV-Protetora-Transparente/dp/B07C67221M/ref=sr_1_122?dchild=1&keywords=iphone&qid=1607914789&sr=8-122,"4,0 de 5 estrelas",92
122,https://www.amazon.com.br/projetado-carregamento-Scratch-Resistant-protetora-polegadas/dp/B08CXXMC6N/ref=sr_1_123?dchild=1&keywords=iphone&qid=1607914789&sr=8-123,"4,3 de 5 estrelas",76
123,https://www.amazon.com.br/Poliuretano-Customic-Protetora-Celular-Transparente/dp/B07K375P5P/ref=sr_1_124?dchild=1&keywords=iphone&qid=1607914789&sr=8-124,"4,7 de 5 estrelas",40
124,https://www.amazon.com.br/iPhone-Geonav-Protetora-Flex%C3%ADvel-Transparente/dp/B07QRTTTHY/ref=sr_1_125?dchild=1&keywords=iphone&qid=1607914789&sr=8-125,"4,5 de 5 estrelas",156
125,https://www.amazon.com.br/iPhone-Photography-Adventures-Kids-Learning-ebook/dp/B08QDY3KK3/ref=sr_1_126?dchild=1&keywords=iphone&qid=1607914789&sr=8-126,Sem avaliação,Sem avaliação
126,https://www.amazon.com.br/Lightning-Carregador-Emborrachado-KT810WCH-Chocolate/dp/B07Z13HF91/ref=sr_1_127?dchild=1&keywords=iphone&qid=1607914789&sr=8-127,"4,4 de 5 estrelas",41
127,https://www.amazon.com.br/carregador-iphone-carga-rapida-potente/dp/B08HMC8168/ref=sr_1_128?dchild=1&keywords=iphone&qid=1607914789&sr=8-128,"5,0 de 5 estrelas",4
128,https://www.amazon.com.br/Shock-Refor%C3%A7ada-iPhone-Pel%C3%ADcula-Aplica%C3%A7%C3%A3o/dp/B087YN473N/ref=sr_1_129?dchild=1&keywords=iphone&qid=1607914789&sr=8-129,"4,2 de 5 estrelas",7
129,https://www.amazon.com.br/Pel%C3%ADcula-iPhone-Kingshield-Vidro-2xUnid/dp/B08P52Y2QF/ref=sr_1_130?dchild=1&keywords=iphone&qid=1607914789&sr=8-130,Sem avaliação,Sem avaliação
130,https://www.amazon.com.br/Iphone-Apple-Verde-256gb-Desbloqueado/dp/B08NTTMKBL/ref=sr_1_131?dchild=1&keywords=iphone&qid=1607914789&sr=8-131,Sem avaliação,Sem avaliação
131,https://www.amazon.com.br/Cabo-Lightning-Apple-iPhone-charger/dp/B07CGDC644/ref=sr_1_132?dchild=1&keywords=iphone&qid=1607914789&sr=8-132,"3,6 de 5 estrelas",45
132,https://www.amazon.com.br/Adaptador-Iphone-Carrega-Lightning-vermelho/dp/B07R4KJ3DY/ref=sr_1_133?dchild=1&keywords=iphone&qid=1607914789&sr=8-133,"3,7 de 5 estrelas",25
133,https://www.amazon.com.br/Capa-Capinha-Impacto-Iphone-polegadas/dp/B08P673SC3/ref=sr_1_134?dchild=1&keywords=iphone&qid=1607914789&sr=8-134,Sem avaliação,Sem avaliação
134,https://www.amazon.com.br/MD813ZM-A-FONTE-IPHONE-APPLE/dp/B009A6BY96/ref=sr_1_135?dchild=1&keywords=iphone&qid=1607914789&sr=8-135,"4,7 de 5 estrelas",842
135,https://www.amazon.com.br/Caneta-Pencil-WB-Rejection-Precis%C3%A3o/dp/B086BJ19WP/ref=sr_1_136?dchild=1&keywords=iphone&qid=1607914789&sr=8-136,"4,5 de 5 estrelas",429
136,https://www.amazon.com.br/Fathoms-Gifts-Enola/dp/B002CTJUB2/ref=sr_1_137?dchild=1&keywords=iphone&qid=1607914789&sr=8-137,Sem avaliação,Sem avaliação
137,https://www.amazon.com.br/Carregador-Xiaomi-Wireless-Charger-Charging/dp/B07FNWZP5M/ref=sr_1_138?dchild=1&keywords=iphone&qid=1607914789&sr=8-138,"4,2 de 5 estrelas",97
138,https://www.amazon.com.br/Pel%C3%ADcula-iPhone-Kingshield-Hydrogel-Cobertura/dp/B08P92HGXM/ref=sr_1_139?dchild=1&keywords=iphone&qid=1607914789&sr=8-139,Sem avaliação,Sem avaliação
139,https://www.amazon.com.br/Ridiculously-Simple-Guide-iPhone-Mini/dp/1610422597/ref=sr_1_140?dchild=1&keywords=iphone&qid=1607914789&sr=8-140,Sem avaliação,Sem avaliação
140,https://www.amazon.com.br/Apple-iPhone-SE-32GB-Prateado/dp/B076H7P3WR/ref=sr_1_141?dchild=1&keywords=iphone&qid=1607914789&sr=8-141,Sem avaliação,Sem avaliação
141,https://www.amazon.com.br/Carregador-Indu%C3%A7%C3%A3o-Geonav-Compat%C3%ADvel-Padr%C3%A3o/dp/B07YBKP3L7/ref=sr_1_142?dchild=1&keywords=iphone&qid=1607914789&sr=8-142,"3,8 de 5 estrelas",94
142,https://www.amazon.com.br/Adaptador-Lightning-adaptador-lightning-Compat%C3%ADvel/dp/B07KGKBT5B/ref=sr_1_143?dchild=1&keywords=iphone&qid=1607914789&sr=8-143,"4,1 de 5 estrelas",41
143,https://www.amazon.com.br/gp/video/ssoredirect/?ru=https%3A%2F%2Fapp.primevideo.com%2Fdetail%3Fgti%3Damzn1.dv.gti.5cb4c54e-28c1-edfc-42cf-170cefdf84fd%26ref_%3Ddvm_src_ret_br_xx_s&page-type-id=B07WNK6NWN&ref=sr_1_144&keywords=iphone&qid=1607914789&sr=8-144,"4,7 de 5 estrelas",175
144,https://www.amazon.com.br/Capa-iPhone-12-Pro-Defender/dp/B08D6Y5V9S/ref=sr_1_145?dchild=1&keywords=iphone&qid=1607914791&sr=8-145,Sem avaliação,Sem avaliação
145,https://www.amazon.com.br/WI255-Multilaser-Outros-Acess%C3%B3rios-Notebooks/dp/B075F9KWFZ/ref=sr_1_146?dchild=1&keywords=iphone&qid=1607914791&sr=8-146,"4,5 de 5 estrelas",400
146,https://www.amazon.com.br/Original-Spigen-Rugged-Armor-iPhone/dp/B083KPG3LW/ref=sr_1_147?dchild=1&keywords=iphone&qid=1607914791&sr=8-147,"4,7 de 5 estrelas",1.459
147,https://www.amazon.com.br/Antishock-Impacto-Prote%C3%A7%C3%A3o-Iphone-Polegadas/dp/B0763T6S4F/ref=sr_1_148?dchild=1&keywords=iphone&qid=1607914791&sr=8-148,"4,4 de 5 estrelas",54
148,https://www.amazon.com.br/Capa-iPhone-Plus-Defender-OtterBox/dp/B01K6PBF52/ref=sr_1_149?dchild=1&keywords=iphone&qid=1607914791&sr=8-149,"4,6 de 5 estrelas",362
149,https://www.amazon.com.br/Iphone-Apple-product-Vermelho-Desbloqueado/dp/B088FXQHMT/ref=sr_1_150?dchild=1&keywords=iphone&qid=1607914791&sr=8-150,Sem avaliação,Sem avaliação
150,https://www.amazon.com.br/Capinha-iPhone-Cloud-Silicone-Preto/dp/B08NXSPTNM/ref=sr_1_151?dchild=1&keywords=iphone&qid=1607914791&sr=8-151,Sem avaliação,Sem avaliação
151,https://www.amazon.com.br/Capa-elago-projetada-iPhone-Indigo/dp/B01HD13A50/ref=sr_1_152?dchild=1&keywords=iphone&qid=1607914791&sr=8-152,"3,7 de 5 estrelas",390
152,https://www.amazon.com.br/Lighting-WI256-Multilaser-Acess%C3%B3rios-Notebooks/dp/B07574B5M1/ref=sr_1_153?dchild=1&keywords=iphone&qid=1607914791&sr=8-153,"4,5 de 5 estrelas",167
153,https://www.amazon.com.br/Pel%C3%ADcula-Polegadas-Capinha-Transparente-Temperado/dp/B07ZS23L96/ref=sr_1_154?dchild=1&keywords=iphone&qid=1607914791&sr=8-154,"4,7 de 5 estrelas",13
154,https://www.amazon.com.br/selfie-controle-remoto-Bluetooth-extens%C3%ADvel/dp/B07RZBT9K2/ref=sr_1_155?dchild=1&keywords=iphone&qid=1607914791&sr=8-155,"5,0 de 5 estrelas",1
155,https://www.amazon.com.br/i-Blason-polegadas-resistente-transparente-integrado/dp/B08GS62WSG/ref=sr_1_156?dchild=1&keywords=iphone&qid=1607914791&sr=8-156,"4,5 de 5 estrelas",648
156,https://www.amazon.com.br/Impact-GEONAV-iPhone-Anti-Impacto-Geonav/dp/B07QRV14MF/ref=sr_1_157?dchild=1&keywords=iphone&qid=1607914791&sr=8-157,"4,8 de 5 estrelas",111
157,https://www.amazon.com.br/Pel%C3%ADcula-C%C3%A2mera-Iphone-Temperado-Transparente/dp/B084R7DQ8H/ref=sr_1_158?dchild=1&keywords=iphone&qid=1607914791&sr=8-158,"3,9 de 5 estrelas",12
158,https://www.amazon.com.br/Original-Spigen-Tough-Armor-iPhone/dp/B07KRNQK6K/ref=sr_1_159?dchild=1&keywords=iphone&qid=1607914791&sr=8-159,"4,7 de 5 estrelas",1.496
159,https://www.amazon.com.br/CAPINHA-SILICONE-AVELUDADO-IPHONE-BRANCA/dp/B07Z59JX69/ref=sr_1_160?dchild=1&keywords=iphone&qid=1607914791&sr=8-160,"4,6 de 5 estrelas",19
160,https://www.amazon.com.br/CAPINHA-SILICONE-AVELUDADO-IPHONE-VERDE/dp/B07MG8B479/ref=sr_1_161?dchild=1&keywords=iphone&qid=1607914791&sr=8-161,"4,3 de 5 estrelas",35
161,https://www.amazon.com.br/FYY-polegadas-bloqueio-carteira-compartimentos/dp/B08FYMY8M1/ref=sr_1_162?dchild=1&keywords=iphone&qid=1607914791&sr=8-162,"4,6 de 5 estrelas",9
162,https://www.amazon.com.br/Pelicula-HPrime-Vidro-Temperado-iPhone/dp/B08LP7WQBB/ref=sr_1_163?dchild=1&keywords=iphone&qid=1607914791&sr=8-163,Sem avaliação,Sem avaliação
163,https://www.amazon.com.br/CAPINHA-SILICONE-AVELUDADO-IPHONE-PRETO/dp/B07MCMP6ZX/ref=sr_1_164?dchild=1&keywords=iphone&qid=1607914791&sr=8-164,"4,7 de 5 estrelas",19
164,https://www.amazon.com.br/Projetado-Resistente-arranh%C3%B5es-Policarbonato-Transl%C3%BAcido/dp/B08CXFSB27/ref=sr_1_165?dchild=1&keywords=iphone&qid=1607914791&sr=8-165,"4,6 de 5 estrelas",704
165,https://www.amazon.com.br/CAPINHA-SILICONE-AVELUDADO-IPHONE-VERMELHO/dp/B07MG8Y34R/ref=sr_1_166?dchild=1&keywords=iphone&qid=1607914791&sr=8-166,"4,7 de 5 estrelas",20
166,https://www.amazon.com.br/Shamos-transparentes-amortecedores-antiarranh%C3%B5es-transparente/dp/B08CHQF948/ref=sr_1_167?dchild=1&keywords=iphone&qid=1607914791&sr=8-167,"4,5 de 5 estrelas",118
167,https://www.amazon.com.br/iPhone-Breeze-Anker-Anti-Impacto-Preto/dp/B07DCD4V9V/ref=sr_1_168?dchild=1&keywords=iphone&qid=1607914791&sr=8-168,"4,5 de 5 estrelas",62
168,https://www.amazon.com.br/Capinha-iPhone-Vidro-Temperado-Preto/dp/B08NTX7VYY/ref=sr_1_169?dchild=1&keywords=iphone&qid=1607914791&sr=8-169,Sem avaliação,Sem avaliação
169,https://www.amazon.com.br/Poliuretano-Customic-Protetora-Celular-Colorido/dp/B07K37R41S/ref=sr_1_170?dchild=1&keywords=iphone&qid=1607914791&sr=8-170,"4,6 de 5 estrelas",18
170,https://www.amazon.com.br/Protetora-Shield-Pelicula-Laut-Celular/dp/B07F2C7WNH/ref=sr_1_171?dchild=1&keywords=iphone&qid=1607914791&sr=8-171,"4,7 de 5 estrelas",10
171,https://www.amazon.com.br/projetado-carregamento-Scratch-Resistant-protetora-polegadas/dp/B08F7TV4W6/ref=sr_1_172?dchild=1&keywords=iphone&qid=1607914791&sr=8-172,"4,2 de 5 estrelas",209
172,https://www.amazon.com.br/Pel%C3%ADcula-Privacidade-Hprime-Iphone-Temperado/dp/B07KR6C5GV/ref=sr_1_173?dchild=1&keywords=iphone&qid=1607914791&sr=8-173,"3,7 de 5 estrelas",16
173,https://www.amazon.com.br/Polegadas-Cell-Case-Anti-Impacto-Transparente/dp/B07J1LMPT4/ref=sr_1_174?dchild=1&keywords=iphone&qid=1607914791&sr=8-174,"4,2 de 5 estrelas",55
174,https://www.amazon.com.br/gp/video/ssoredirect/?ru=https%3A%2F%2Fapp.primevideo.com%2Fdetail%3Fgti%3Damzn1.dv.gti.5cb4c54e-28c1-edfc-42cf-170cefdf84fd%26ref_%3Ddvm_src_ret_br_xx_s&page-type-id=B07WNK6NWN&ref=sr_1_175&keywords=iphone&qid=1607914791&sr=8-175,"4,7 de 5 estrelas",175
175,https://www.amazon.com.br/Supcase-SUPCASE-projetada-protetora-integrada/dp/B088FH56CS/ref=sr_1_176?dchild=1&keywords=iphone&qid=1607914791&sr=8-176,"4,4 de 5 estrelas",349
176,https://www.amazon.com.br/iPhone-Spigen-Black-Anti-Impacto-Preto/dp/B07T5XNY3Z/ref=sr_1_177?dchild=1&keywords=iphone&qid=1607914791&sr=8-177,"4,3 de 5 estrelas",1.594
177,https://www.amazon.com.br/Carregador-iPhone-Modelos-Refor%C3%A7ado-Premium/dp/B08MBDG6HN/ref=sr_1_178?dchild=1&keywords=iphone&qid=1607914791&sr=8-178,Sem avaliação,Sem avaliação
178,https://www.amazon.com.br/iPhone-Spigen-Rugged-Armor-Anti-Impacto/dp/B07SZHKGZJ/ref=sr_1_179?dchild=1&keywords=iphone&qid=1607914791&sr=8-179,"4,7 de 5 estrelas",4.019
179,https://www.amazon.com.br/Pel%C3%ADcula-Premium-HPrime-Apple-iPhone/dp/B074XJZGST/ref=sr_1_180?dchild=1&keywords=iphone&qid=1607914791&sr=8-180,"4,3 de 5 estrelas",84
180,https://www.amazon.com.br/iWill-1442-IPhone-11-PRO/dp/B082QGHJ76/ref=sr_1_181?dchild=1&keywords=iphone&qid=1607914791&sr=8-181,Sem avaliação,Sem avaliação
181,https://www.amazon.com.br/Capa-Anti-Impacto-Personalizada-para-Iphone/dp/B07SLQ5YTP/ref=sr_1_182?dchild=1&keywords=iphone&qid=1607914791&sr=8-182,"4,1 de 5 estrelas",8
182,https://www.amazon.com.br/ipod-iphone-ready-classic-collection/dp/B0036EAZL6/ref=sr_1_183?dchild=1&keywords=iphone&qid=1607914791&sr=8-183,Sem avaliação,Sem avaliação
183,https://www.amazon.com.br/Carregador-Port%C3%A1til-20-100mAh-Anker-11132046/dp/B07F6KKBX7/ref=sr_1_184?dchild=1&keywords=iphone&qid=1607914791&sr=8-184,"4,6 de 5 estrelas",150
184,https://www.amazon.com.br/prova-Pelican-Marine-iPhone-C43040-001A-CLBC/dp/B07L4ZJZP3/ref=sr_1_185?dchild=1&keywords=iphone&qid=1607914791&sr=8-185,"4,4 de 5 estrelas",1.321
185,https://www.amazon.com.br/Pel%C3%ADcula-Protetora-Anker-Decorativas-Transparente/dp/B07DCJG2CT/ref=sr_1_186?dchild=1&keywords=iphone&qid=1607914791&sr=8-186,"4,2 de 5 estrelas",43
186,https://www.amazon.com.br/Cell-Case-Polegadas-Anti-Impacto-Transparente/dp/B07J1GPLZW/ref=sr_1_187?dchild=1&keywords=iphone&qid=1607914791&sr=8-187,"4,4 de 5 estrelas",91
187,https://www.amazon.com.br/Poliuretano-Customic-Iphone-Protetora-Celular/dp/B07K37FKP4/ref=sr_1_188?dchild=1&keywords=iphone&qid=1607914791&sr=8-188,"4,2 de 5 estrelas",18
188,https://www.amazon.com.br/dp/B08QH7PBNL/ref=sr_1_189?dchild=1&keywords=iphone&qid=1607914791&sr=8-189,Sem avaliação,Sem avaliação
189,https://www.amazon.com.br/Capinha-Capa-Silicone-iPhone-Vermelho/dp/B08LVZ4BTW/ref=sr_1_190?dchild=1&keywords=iphone&qid=1607914791&sr=8-190,Sem avaliação,Sem avaliação
190,https://www.amazon.com.br/Polegadas-Cell-Case-Anti-Impacto-transparente/dp/B07Y2CGH22/ref=sr_1_191?dchild=1&keywords=iphone&qid=1607914791&sr=8-191,"4,8 de 5 estrelas",24
191,https://www.amazon.com.br/iPhone-Dummies-Updated-models-iOS/dp/1119730023/ref=sr_1_192?dchild=1&keywords=iphone&qid=1607914791&sr=8-192,Sem avaliação,Sem avaliação
192,https://www.amazon.com.br/Celular-Apple-iPhone-64GB-Tela/dp/B07HM5WQVC/ref=sr_1_193?dchild=1&keywords=iphone&qid=1607914792&sr=8-193,"4,7 de 5 estrelas",239
193,https://www.amazon.com.br/Carregador-Cabo-iPhone-Apple-Original/dp/B07VVVQTC6/ref=sr_1_194?dchild=1&keywords=iphone&qid=1607914792&sr=8-194,"3,2 de 5 estrelas",40
194,https://www.amazon.com.br/iPhone-Spigen-Crystal-Anti-Impacto-Transparente/dp/B07T2MFSQC/ref=sr_1_195?dchild=1&keywords=iphone&qid=1607914792&sr=8-195,"4,5 de 5 estrelas",3.767
195,https://www.amazon.com.br/Ixpand-Flash-Drive-SanDisk-Pendrives/dp/B06WWH34NZ/ref=sr_1_196?dchild=1&keywords=iphone&qid=1607914792&sr=8-196,"4,5 de 5 estrelas",2.252
196,https://www.amazon.com.br/Pel%C3%ADcula-Kingshield-Hydrogel-Cobertura-Traseira/dp/B08P92F124/ref=sr_1_197?dchild=1&keywords=iphone&qid=1607914792&sr=8-197,Sem avaliação,Sem avaliação
197,https://www.amazon.com.br/Impacto-GEONAV-Anti-Impacto-Preto-Transparente/dp/B07D1NZ3PR/ref=sr_1_198?dchild=1&keywords=iphone&qid=1607914792&sr=8-198,"4,4 de 5 estrelas",22
198,https://www.amazon.com.br/Quedas-Impactos-Pel%C3%ADcula-Temperado-Case-Friendly/dp/B07XVQWPDJ/ref=sr_1_199?dchild=1&keywords=iphone&qid=1607914792&sr=8-199,"4,1 de 5 estrelas",123
199,https://www.amazon.com.br/Poliuretano-Customic-Protetora-Celular-Transparente/dp/B07K4BSR1F/ref=sr_1_200?dchild=1&keywords=iphone&qid=1607914792&sr=8-200,"4,3 de 5 estrelas",13
200,https://www.amazon.com.br/Fone-Ouvido-Compativel-Lightning-iPhone/dp/B08MTQDQ9J/ref=sr_1_201?dchild=1&keywords=iphone&qid=1607914792&sr=8-201,Sem avaliação,Sem avaliação
201,https://www.amazon.com.br/iPhone-Dummies-Updated-models-iOS/dp/1119730023/ref=sr_1_202?dchild=1&keywords=iphone&qid=1607914792&sr=8-202,Sem avaliação,Sem avaliação
202,https://www.amazon.com.br/Essential-iPhone-SE-2020-Transparente/dp/B073ZDTT8Z/ref=sr_1_203?dchild=1&keywords=iphone&qid=1607914792&sr=8-203,"4,4 de 5 estrelas",6.348
203,https://www.amazon.com.br/iPhonica/dp/B00B5RSRO8/ref=sr_1_204?dchild=1&keywords=iphone&qid=1607914792&sr=8-204,"5,0 de 5 estrelas",1
204,https://www.amazon.com.br/Pel%C3%ADcula-iPhone-Pro-Kingshield-Vidro/dp/B08P3PRRYV/ref=sr_1_205?dchild=1&keywords=iphone&qid=1607914792&sr=8-205,Sem avaliação,Sem avaliação
205,https://www.amazon.com.br/CAPINHA-SILICONE-AVELUDADO-IPHONE-PRETO/dp/B07MG8TLJX/ref=sr_1_206?dchild=1&keywords=iphone&qid=1607914792&sr=8-206,"4,3 de 5 estrelas",28
206,https://www.amazon.com.br/Iphone-Liquid-Spigen-Anti-Impacto-Transparente/dp/B01GIVX1YG/ref=sr_1_207?dchild=1&keywords=iphone&qid=1607914792&sr=8-207,"4,5 de 5 estrelas",6.901
207,https://www.amazon.com.br/vertical-horizontal-prote%C3%A7%C3%A3o-refor%C3%A7ada-transparente/dp/B07FLVTVFC/ref=sr_1_208?dchild=1&keywords=iphone&qid=1607914792&sr=8-208,"4,6 de 5 estrelas",2.427
208,https://www.amazon.com.br/Spigen-cristal-l%C3%ADquido-glitter-iPhone/dp/B07T2MQZCH/ref=sr_1_209?dchild=1&keywords=iphone&qid=1607914792&sr=8-209,"4,7 de 5 estrelas",14.059
209,https://www.amazon.com.br/Iphone-Apple-product-Vermelhotm-Desbloqueado/dp/B088FX5BTB/ref=sr_1_210?dchild=1&keywords=iphone&qid=1607914792&sr=8-210,"5,0 de 5 estrelas",1
210,https://www.amazon.com.br/Pel%C3%ADcula-Hprime-Vidro-Temperado-Iphone/dp/B074VCTFPG/ref=sr_1_211?dchild=1&keywords=iphone&qid=1607914792&sr=8-211,"2,9 de 5 estrelas",7
211,https://www.amazon.com.br/BoxWave-iPhone-TrueView-temperado-h%C3%ADbrido/dp/B08MPSQ416/ref=sr_1_212?dchild=1&keywords=iphone&qid=1607914792&sr=8-212,Sem avaliação,Sem avaliação
212,https://www.amazon.com.br/Carregador-Tomada-Portas-Anker-11132036/dp/B07F6K6VYQ/ref=sr_1_213?dchild=1&keywords=iphone&qid=1607914792&sr=8-213,"4,8 de 5 estrelas",311
213,https://www.amazon.com.br/Pel%C3%ADcula-Vidro-Temperado-Camera-Iphone/dp/B08P67B6CT/ref=sr_1_214?dchild=1&keywords=iphone&qid=1607914792&sr=8-214,Sem avaliação,Sem avaliação
214,https://www.amazon.com.br/Iphone-Prata-Tela-4-7-16GB/dp/B075NSCGRT/ref=sr_1_215?dchild=1&keywords=iphone&qid=1607914792&sr=8-215,"4,7 de 5 estrelas",6
215,https://www.amazon.com.br/Pelicula-Hprime-invisivel-Protetora-Transparente/dp/B07LC6G26V/ref=sr_1_216?dchild=1&keywords=iphone&qid=1607914792&sr=8-216,"3,7 de 5 estrelas",46
216,https://www.amazon.com.br/CAPINHA-SILICONE-AVELUDADO-IPHONE-PRETO/dp/B07MJRFS65/ref=sr_1_217?dchild=1&keywords=iphone&qid=1607914792&sr=8-217,"4,5 de 5 estrelas",11
217,https://www.amazon.com.br/iPhone-64GB-White-Desbloqueado-Apple/dp/B088C5BV4Y/ref=sr_1_218?dchild=1&keywords=iphone&qid=1607914792&sr=8-218,Sem avaliação,Sem avaliação
218,https://www.amazon.com.br/Tempered-Glass-Protector-Installation-Case-Friendly-4-7-Inch/dp/B0744HDZL3/ref=sr_1_219?dchild=1&keywords=iphone&qid=1607914792&sr=8-219,"4,3 de 5 estrelas",3.617
219,https://www.amazon.com.br/Adaptador-lightning-Chamada-Compat%C3%ADvel-Posterior/dp/B08818F9GW/ref=sr_1_220?dchild=1&keywords=iphone&qid=1607914792&sr=8-220,"2,9 de 5 estrelas",11
220,https://www.amazon.com.br/Capa-silicone-elago-para-iPhone/dp/B0811G6G6P/ref=sr_1_221?dchild=1&keywords=iphone&qid=1607914792&sr=8-221,"4,5 de 5 estrelas",2.668
221,https://www.amazon.com.br/Shamos-absor%C3%A7%C3%A3o-anti-arranh%C3%B5es-transparente-refor%C3%A7ados/dp/B08CHPKSW3/ref=sr_1_222?dchild=1&keywords=iphone&qid=1607914792&sr=8-222,"4,6 de 5 estrelas",65
222,https://www.amazon.com.br/Pel%C3%ADculas-Transparente-C%C3%A2mera-iPhone-Aplica%C3%A7%C3%A3o/dp/B086XFZ8ZS/ref=sr_1_223?dchild=1&keywords=iphone&qid=1607914792&sr=8-223,"3,8 de 5 estrelas",42
223,https://www.amazon.com.br/Iphone-Hybrid-Crystal-Anti-Impacto-Transparente/dp/B07GHMQDCJ/ref=sr_1_224?dchild=1&keywords=iphone&qid=1607914792&sr=8-224,"4,6 de 5 estrelas",15.217
224,https://www.amazon.com.br/Clear-iPhone-Mini-Silicone-Flex%C3%ADvel/dp/B08CXKWLSN/ref=sr_1_225?dchild=1&keywords=iphone&qid=1607914792&sr=8-225,"4,4 de 5 estrelas",128
225,https://www.amazon.com.br/Pel%C3%ADcula-iPhone-Kingshield-Hydrogel-Cobertura/dp/B085B845L2/ref=sr_1_226?dchild=1&keywords=iphone&qid=1607914792&sr=8-226,"3,5 de 5 estrelas",24
226,https://www.amazon.com.br/Pel%C3%ADcula-iPHone-Hprime-Temperado-0-33MM/dp/B078BLPK7Y/ref=sr_1_227?dchild=1&keywords=iphone&qid=1607914792&sr=8-227,"4,3 de 5 estrelas",63
227,https://www.amazon.com.br/gp/video/ssoredirect/?ru=https%3A%2F%2Fapp.primevideo.com%2Fdetail%3Fgti%3Damzn1.dv.gti.1ab2809e-9dbd-9c94-43dd-bb39e5b239f2%26ref_%3Ddvm_src_ret_br_xx_s&page-type-id=B07WK8RJPR&ref=sr_1_228&keywords=iphone&qid=1607914792&sr=8-228,"4,8 de 5 estrelas",1.296
228,https://www.amazon.com.br/Shamos-compat%C3%ADvel-protetor-pel%C3%ADcula-temperado/dp/B08FXTVJT6/ref=sr_1_229?dchild=1&keywords=iphone&qid=1607914792&sr=8-229,"4,0 de 5 estrelas",17
229,https://www.amazon.com.br/Capa-Incipio-iPhone-Anti-Impacto-Transparente/dp/B075RFQHL4/ref=sr_1_230?dchild=1&keywords=iphone&qid=1607914792&sr=8-230,"4,6 de 5 estrelas",42
230,https://www.amazon.com.br/Pel%C3%ADcula-Hprime-Apple-iPhone-Temperado/dp/B07KR4YYJG/ref=sr_1_231?dchild=1&keywords=iphone&qid=1607914792&sr=8-231,"4,1 de 5 estrelas",174
231,https://www.amazon.com.br/Capa-Capinha-Impacto-Iphone-polegadas/dp/B08P67F5RM/ref=sr_1_232?dchild=1&keywords=iphone&qid=1607914792&sr=8-232,Sem avaliação,Sem avaliação
232,https://www.amazon.com.br/Carregador-Wireless-Anker-PowerWave-Tomada/dp/B082DZW7K8/ref=sr_1_233?dchild=1&keywords=iphone&qid=1607914792&sr=8-233,"4,6 de 5 estrelas",50
233,https://www.amazon.com.br/Capa-Fosca-Para-Iphone-6-5Polegadas/dp/B086Q3PWTM/ref=sr_1_234?dchild=1&keywords=iphone&qid=1607914792&sr=8-234,"3,5 de 5 estrelas",6
234,https://www.amazon.com.br/Lightning-Resistente-GEONAV-LIGH10T-Titanium/dp/B076J1J3MY/ref=sr_1_235?dchild=1&keywords=iphone&qid=1607914792&sr=8-235,"4,0 de 5 estrelas",410
235,https://www.amazon.com.br/Husky-Personalizada-iPhone-Bailarina-Colorido/dp/B0785VJY7J/ref=sr_1_236?dchild=1&keywords=iphone&qid=1607914792&sr=8-236,"4,2 de 5 estrelas",8
236,https://www.amazon.com.br/Pelicula-Premium-Vidro-Temperado-Iphone/dp/B075CQ4VFG/ref=sr_1_237?dchild=1&keywords=iphone&qid=1607914792&sr=8-237,"4,6 de 5 estrelas",43
237,https://www.amazon.com.br/Slide-iPhone-tampa-protetora-c%C3%A2mera/dp/B08FFJ54NN/ref=sr_1_238?dchild=1&keywords=iphone&qid=1607914792&sr=8-238,"3,0 de 5 estrelas",2
238,https://www.amazon.com.br/Pel%C3%ADcula-Premium-HPrime-iPhone-Temperado/dp/B0769YPM53/ref=sr_1_239?dchild=1&keywords=iphone&qid=1607914792&sr=8-239,"3,6 de 5 estrelas",34
239,https://www.amazon.com.br/Capinha-Impactos-Refor%C3%A7adas-Silicone-Dur%C3%A1vel/dp/B07J1QHW4L/ref=sr_1_240?dchild=1&keywords=iphone&qid=1607914792&sr=8-240,"4,4 de 5 estrelas",76
240,https://www.amazon.com.br/Capinha-Impactos-Refor%C3%A7adas-Silicone-Dur%C3%A1vel/dp/B07J1QHW4L/ref=sr_1_241?dchild=1&keywords=iphone&qid=1607914794&sr=8-241,"4,4 de 5 estrelas",76
241,https://www.amazon.com.br/Teach-Yourself-VISUALLY-iPhone-Pro/dp/1119763282/ref=sr_1_242?dchild=1&keywords=iphone&qid=1607914794&sr=8-242,Sem avaliação,Sem avaliação
242,https://www.amazon.com.br/Capa-iPhone-11-6-1-Commuter/dp/B08L9JNY59/ref=sr_1_243?dchild=1&keywords=iphone&qid=1607914794&sr=8-243,Sem avaliação,Sem avaliação
243,https://www.amazon.com.br/Capinha-Silicone-Antichoque-Pel%C3%ADcula-Iphone/dp/B08MB81X8C/ref=sr_1_244?dchild=1&keywords=iphone&qid=1607914794&sr=8-244,"4,0 de 5 estrelas",2
244,https://www.amazon.com.br/ROG-Phone-II-128GB-Black/dp/B084DFZVL9/ref=sr_1_245?dchild=1&keywords=iphone&qid=1607914794&sr=8-245,"4,7 de 5 estrelas",39
245,https://www.amazon.com.br/How-create-iPhone-app-steps/dp/B003ZSI6V4/ref=sr_1_246?dchild=1&keywords=iphone&qid=1607914794&sr=8-246,"2,0 de 5 estrelas",1
246,https://www.amazon.com.br/carteira-HOOMIL-iPhone-Classic-Business/dp/B07WC9DT88/ref=sr_1_247?dchild=1&keywords=iphone&qid=1607914794&sr=8-247,"4,7 de 5 estrelas",53
247,https://www.amazon.com.br/dp/B08QH7PBNL/ref=sr_1_248?dchild=1&keywords=iphone&qid=1607914794&sr=8-248,Sem avaliação,Sem avaliação
248,https://www.amazon.com.br/StarTech-com-Cabo-USB-para-Lightning/dp/B00J7IHRPW/ref=sr_1_249?dchild=1&keywords=iphone&qid=1607914794&sr=8-249,"4,4 de 5 estrelas",34
249,https://www.amazon.com.br/Carregador-Turbo-iPhone-Apple-Airpod/dp/B07Y9DRP7B/ref=sr_1_250?dchild=1&keywords=iphone&qid=1607914794&sr=8-250,"3,9 de 5 estrelas",14
250,https://www.amazon.com.br/Capa-silicone-elago-para-iPhone/dp/B0811GTH2D/ref=sr_1_251?dchild=1&keywords=iphone&qid=1607914794&sr=8-251,"4,5 de 5 estrelas",2.364
251,https://www.amazon.com.br/CAPINHA-SILICONE-AVELUDADO-IPHONE-VERMELHO/dp/B07MJRT9F3/ref=sr_1_252?dchild=1&keywords=iphone&qid=1607914794&sr=8-252,"4,3 de 5 estrelas",52
252,https://www.amazon.com.br/Iphone-Ultra-Hybrid-Spigen-Anti-Impacto/dp/B07GHQX532/ref=sr_1_253?dchild=1&keywords=iphone&qid=1607914794&sr=8-253,"4,6 de 5 estrelas",11.503
253,https://www.amazon.com.br/iPhone-Lightning-Premium-GEONAV-LIGH08/dp/B076KMVHQL/ref=sr_1_254?dchild=1&keywords=iphone&qid=1607914794&sr=8-254,"4,1 de 5 estrelas",44
254,https://www.amazon.com.br/Pel%C3%ADcula-iPhone-Kingshield-Hydrogel-Cobertura/dp/B08P9YJ4TK/ref=sr_1_255?dchild=1&keywords=iphone&qid=1607914794&sr=8-255,Sem avaliação,Sem avaliação
255,https://www.amazon.com.br/Projetado-Resistente-arranh%C3%B5es-Policarbonato-Transl%C3%BAcido/dp/B08CXKPKJG/ref=sr_1_256?dchild=1&keywords=iphone&qid=1607914794&sr=8-256,"4,6 de 5 estrelas",224
256,https://www.amazon.com.br/subaqu%C3%A1tica-sujeira-protetor-integrado-polegadas/dp/B07J64S7VW/ref=sr_1_257?dchild=1&keywords=iphone&qid=1607914794&sr=8-257,"4,2 de 5 estrelas",610
257,https://www.amazon.com.br/Adaptador-Lightning-compat%C3%ADvel-projetor-monitor/dp/B07ZKDV2G9/ref=sr_1_258?dchild=1&keywords=iphone&qid=1607914794&sr=8-258,"3,4 de 5 estrelas",334
258,https://www.amazon.com.br/Adaptador-Iphone-XS-MAX-Carrega-Lightning/dp/B07R4KH7RJ/ref=sr_1_259?dchild=1&keywords=iphone&qid=1607914794&sr=8-259,"3,2 de 5 estrelas",96
259,https://www.amazon.com.br/Magnetica-Impacto-Suporte-Magn%C3%A9tico-Automotivo/dp/B07ZRZ89HJ/ref=sr_1_260?dchild=1&keywords=iphone&qid=1607914794&sr=8-260,"4,6 de 5 estrelas",495
260,https://www.amazon.com.br/Capa-Capinha-iPhone-Pure-Transparente/dp/B08MTLYQYY/ref=sr_1_261?dchild=1&keywords=iphone&qid=1607914794&sr=8-261,Sem avaliação,Sem avaliação
261,https://www.amazon.com.br/Novo-Apple-iPhone-12-Azul/dp/B08L5P7DYY/ref=sr_1_262?dchild=1&keywords=iphone&qid=1607914794&sr=8-262,"5,0 de 5 estrelas",2
262,https://www.amazon.com.br/Carregador-Iphone-Apple-Iwatch-Airpods/dp/B08GQZPHZJ/ref=sr_1_263?dchild=1&keywords=iphone&qid=1607914794&sr=8-263,Sem avaliação,Sem avaliação
263,https://www.amazon.com.br/Capa-Impact-Anti-Impacto-Geonav-Branco/dp/B07QRTWV7T/ref=sr_1_264?dchild=1&keywords=iphone&qid=1607914794&sr=8-264,"4,8 de 5 estrelas",5
264,https://www.amazon.com.br/Carregador-Samsung-R%C3%A1pido-Preto-EPP1100BBPGBR/dp/B07T16ZJD9/ref=sr_1_265?dchild=1&keywords=iphone&qid=1607914794&sr=8-265,"4,5 de 5 estrelas",981
265,https://www.amazon.com.br/Pelicula-Vidro-Para-IPhone-Polegadas/dp/B07J1LL34C/ref=sr_1_266?dchild=1&keywords=iphone&qid=1607914794&sr=8-266,"4,0 de 5 estrelas",13
266,https://www.amazon.com.br/Carregador-Rapido-Kaidi-Original-Iphone/dp/B07SFZRQHP/ref=sr_1_267?dchild=1&keywords=iphone&qid=1607914794&sr=8-267,"4,4 de 5 estrelas",12
267,https://www.amazon.com.br/Shamos-Compat%C3%ADvel-para-choque-transparente-antiarranh%C3%B5es/dp/B08CBHQN7W/ref=sr_1_268?dchild=1&keywords=iphone&qid=1607914794&sr=8-268,"3,7 de 5 estrelas",80
268,https://www.amazon.com.br/Impacto-Iphone-Original-X-Doria-XD183-03/dp/B073W1C2XJ/ref=sr_1_269?dchild=1&keywords=iphone&qid=1607914794&sr=8-269,"4,2 de 5 estrelas",505
269,https://www.amazon.com.br/Carregador-Parede-GEONAV-ESACW2-Branco/dp/B07CZY2975/ref=sr_1_270?dchild=1&keywords=iphone&qid=1607914794&sr=8-270,"4,5 de 5 estrelas",1.422
270,https://www.amazon.com.br/Cabo-Lightning-Iphone-Urbano-TG-UD0046/dp/B07FQV2MXJ/ref=sr_1_271?dchild=1&keywords=iphone&qid=1607914794&sr=8-271,"3,6 de 5 estrelas",38
271,https://www.amazon.com.br/Pel%C3%ADcula-Cell-Case-Smartphone-Protetora/dp/B076B53M48/ref=sr_1_272?dchild=1&keywords=iphone&qid=1607914794&sr=8-272,"4,1 de 5 estrelas",58
272,https://www.amazon.com.br/SURITCH-iPhone-2020-integrado-brilhante/dp/B07X7DBR71/ref=sr_1_273?dchild=1&keywords=iphone&qid=1607914794&sr=8-273,"4,4 de 5 estrelas",271
273,https://www.amazon.com.br/Smartphone-Tratamento-Translucent-Anti-Amarelecimento-Shock-Absorption/dp/B08D39RRV3/ref=sr_1_274?dchild=1&keywords=iphone&qid=1607914794&sr=8-274,"4,1 de 5 estrelas",25
274,https://www.amazon.com.br/Capinha-Capa-Silicone-iPhone-Branco/dp/B08LVYSRH4/ref=sr_1_275?dchild=1&keywords=iphone&qid=1607914794&sr=8-275,Sem avaliação,Sem avaliação
275,https://www.amazon.com.br/Carregador-carregamento-compat%C3%ADvel-dispositivos-habilitados/dp/B08PVXHPRX/ref=sr_1_276?dchild=1&keywords=iphone&qid=1607914794&sr=8-276,Sem avaliação,Sem avaliação
276,https://www.amazon.com.br/22-Exito-Electrotango/dp/B007LO0U80/ref=sr_1_277?dchild=1&keywords=iphone&qid=1607914794&sr=8-277,"5,0 de 5 estrelas",1
277,https://www.amazon.com.br/protetora-almofada-compat%C3%ADvel-iPhone-marinho/dp/B08LPSRCXZ/ref=sr_1_278?dchild=1&keywords=iphone&qid=1607914794&sr=8-278,"4,7 de 5 estrelas",8
278,https://www.amazon.com.br/Case-para-iPhone-11-Leg%C3%ADtimo/dp/B084KT6GH8/ref=sr_1_279?dchild=1&keywords=iphone&qid=1607914794&sr=8-279,"4,8 de 5 estrelas",6
279,https://www.amazon.com.br/Pel%C3%ADcula-Original-Hprime-Temperado-Iphone/dp/B074VCG2KZ/ref=sr_1_280?dchild=1&keywords=iphone&qid=1607914794&sr=8-280,"4,1 de 5 estrelas",98
280,https://www.amazon.com.br/Spigen-Original-Iphone-Cristal-Transparente/dp/B01M0USRWG/ref=sr_1_281?dchild=1&keywords=iphone&qid=1607914794&sr=8-281,"4,6 de 5 estrelas",39.474
281,https://www.amazon.com.br/SUPCASE-projetada-protetora-polegadas-integrado/dp/B08GX8KBRH/ref=sr_1_282?dchild=1&keywords=iphone&qid=1607914794&sr=8-282,"4,6 de 5 estrelas",26
282,https://www.amazon.com.br/Capa-Capinha-Impacto-Iphone-polegadas/dp/B08P65DXG1/ref=sr_1_283?dchild=1&keywords=iphone&qid=1607914794&sr=8-283,Sem avaliação,Sem avaliação
283,https://www.amazon.com.br/Pendrive-SanDisk-128GB-Ixpand-Iphone/dp/B086MJH23M/ref=sr_1_284?dchild=1&keywords=iphone&qid=1607914794&sr=8-284,"5,0 de 5 estrelas",1
284,https://www.amazon.com.br/Iphone-mini-Apple-128gb-Desbloqueado/dp/B08NTSRHKS/ref=sr_1_285?dchild=1&keywords=iphone&qid=1607914794&sr=8-285,Sem avaliação,Sem avaliação
285,https://www.amazon.com.br/Carbono-GEONAV-Protetora-R%C3%ADgida-Preto/dp/B07D1K489Q/ref=sr_1_286?dchild=1&keywords=iphone&qid=1607914794&sr=8-286,"4,8 de 5 estrelas",17
286,https://www.amazon.com.br/Carregador-Baseus-QC3-0-R%C3%A1pida-Branco/dp/B00YU1EA3S/ref=sr_1_287?dchild=1&keywords=iphone&qid=1607914794&sr=8-287,"5,0 de 5 estrelas",3
287,https://www.amazon.com.br/CAPINHA-SILICONE-AVELUDADO-IPHONE-VERDE/dp/B07MG7DJYZ/ref=sr_1_288?dchild=1&keywords=iphone&qid=1607914794&sr=8-288,"4,8 de 5 estrelas",31
288,https://www.amazon.com.br/CAPINHA-SILICONE-AVELUDADO-IPHONE-VERMELHO/dp/B07MM6MDJP/ref=sr_1_289?dchild=1&keywords=iphone&qid=1607914795&sr=8-289,"5,0 de 5 estrelas",1
289,https://www.amazon.com.br/Pel%C3%ADcula-Premium-Hprime-Traseira-NanoShield/dp/B07KS5662B/ref=sr_1_290?dchild=1&keywords=iphone&qid=1607914795&sr=8-290,"4,1 de 5 estrelas",19
290,https://www.amazon.com.br/CAPINHA-SILICONE-AVELUDADO-IPHONE-BRANCO/dp/B07MCMWGCZ/ref=sr_1_291?dchild=1&keywords=iphone&qid=1607914795&sr=8-291,"4,5 de 5 estrelas",35
291,https://www.amazon.com.br/Capa-Anti-Impacto-Personalizada-para-Iphone/dp/B07SLQ6D61/ref=sr_1_292?dchild=1&keywords=iphone&qid=1607914795&sr=8-292,"5,0 de 5 estrelas",2
292,https://www.amazon.com.br/Capa-Spigen-Tough-Armor-iPhone/dp/B07T1MXSFH/ref=sr_1_293?dchild=1&keywords=iphone&qid=1607914795&sr=8-293,"4,6 de 5 estrelas",1.835
293,https://www.amazon.com.br/Pelicula-Vidro-Para-IPhone-Pro/dp/B08NHWPV7P/ref=sr_1_294?dchild=1&keywords=iphone&qid=1607914795&sr=8-294,Sem avaliação,Sem avaliação
294,https://www.amazon.com.br/iPhone-Apple-Dourado-32GB-Desbloqueado/dp/B075NSQN8K/ref=sr_1_295?dchild=1&keywords=iphone&qid=1607914795&sr=8-295,"4,6 de 5 estrelas",4
295,https://www.amazon.com.br/Iphone-Apple-Cinza-Espacial-Desbloqueado/dp/B07HZ19HRM/ref=sr_1_296?dchild=1&keywords=iphone&qid=1607914795&sr=8-296,Sem avaliação,Sem avaliação
296,https://www.amazon.com.br/Pel%C3%ADculas-Vidro-Temperado-iPhone-Aplica%C3%A7%C3%A3o/dp/B086H2TQ47/ref=sr_1_297?dchild=1&keywords=iphone&qid=1607914795&sr=8-297,"3,7 de 5 estrelas",53
297,https://www.amazon.com.br/superf%C3%ADcie-hidrof%C3%B3bica-transpar%C3%AAncia-GLIP11P3D-Geonav/dp/B084RB1LZD/ref=sr_1_298?dchild=1&keywords=iphone&qid=1607914795&sr=8-298,"4,7 de 5 estrelas",7
298,https://www.amazon.com.br/Capa-iPhone-12-Pro-Max/dp/B08D6B6YBC/ref=sr_1_299?dchild=1&keywords=iphone&qid=1607914795&sr=8-299,Sem avaliação,Sem avaliação
299,https://www.amazon.com.br/IPhone-Apple-Retina-C%C3%A2meras-MQAC2BZ/dp/B078J7GNTR/ref=sr_1_300?dchild=1&keywords=iphone&qid=1607914795&sr=8-300,"4,2 de 5 estrelas",22
300,https://www.amazon.com.br/iPhone-11-Pro-Max-transparente/dp/B07VKLWZN5/ref=sr_1_301?dchild=1&keywords=iphone&qid=1607914795&sr=8-301,"4,6 de 5 estrelas",3.302
301,https://www.amazon.com.br/Capinha-Silicone-Transparente-Antichoque-Iphone/dp/B07N8GHDVG/ref=sr_1_302?dchild=1&keywords=iphone&qid=1607914795&sr=8-302,"4,9 de 5 estrelas",13
302,https://www.amazon.com.br/Carbon-Protetora-iPhone-Geonav-Flex%C3%ADvel/dp/B07QNGPYX1/ref=sr_1_303?dchild=1&keywords=iphone&qid=1607914795&sr=8-303,"5,0 de 5 estrelas",2
303,https://www.amazon.com.br/Transparente-Impacto-Iphone-Antichoque-Silicone/dp/B07SXBHPTD/ref=sr_1_304?dchild=1&keywords=iphone&qid=1607914795&sr=8-304,"4,2 de 5 estrelas",10
304,https://www.amazon.com.br/Pel%C3%ADcula-iPhone-Kingshield-Vidro-2xUnid/dp/B08P53GW7C/ref=sr_1_305?dchild=1&keywords=iphone&qid=1607914795&sr=8-305,Sem avaliação,Sem avaliação
305,https://www.amazon.com.br/CAPINHA-SILICONE-AVELUDADO-IPHONE-VERDE/dp/B07MMDCZL8/ref=sr_1_306?dchild=1&keywords=iphone&qid=1607914795&sr=8-306,"4,5 de 5 estrelas",2
