,0,1
0,"Iphone Xr Apple Preto, 64gb Desbloqueado - Mry42br/a",Sem Estoque.
1,Novo Iphone Xr 64Gb Branco Ios 12 4G ...,Sem Estoque.
2,"Iphone Xr Apple Branco, 128gb Desbloqueado - Mryd2br/a",Sem Estoque.
3,Xiaomi Redmi Note 9 128GB 4GB RAM - Versão Global - Midnight Grey,"R$1.680,00"
4,iPhone 11 64GB Preto iOS 4G Câmera 12MP - Apple,Sem Estoque.
5,Iphone Xs 64Gb Prata (Prata),"R$5.547,81"
6,"Iphone 8 Plus Apple Cinza Espacial, 128gb Desbloqueado - Mx242br/a","R$4.999,90"
7,iPhone XS 64GB Dourado (Dourado),"R$4.599,00"
8,Smartphone Xiaomi Redmi Note 8 64gb Moonlight (Branco),"R$1.473,00"
9,Iphone 11 128Gb Branco iOS 4G Wi-Fi Câmera 12Mp - Apple,Sem Estoque.
10,"Capa Impact Pro, GEONAV, iPhone 7, iPhone 8, Capa Anti-Impacto, Branco/Transparente, 70 x 140 x 10 mm","R$58,36"
11,"Película De Privacidade Vidro Temperado Para Apple iPhone 11 e Xr Tela 6.1"" Polegadas Proteção Anti Impacto E Curioso Top Spy Premium 3d - Danet","R$49,99"
12,iPhone 6s Plus 32GB Cinza Espacial,Sem Estoque.
13,Redmi Note 9S Aurora Blue 6GB RAM 128GB,"R$1.915,00"
14,Redmi Note 9S 128gb 6gb RAM - Interstellar grey,"R$1.889,99"
15,"Cabo Lightning Certificado Apple MFi, Anker Powerline II, 1.8 metros, 12x mais resistente, Preto","R$89,90"
16,"iPhone 8 Apple Dourado com Tela de 4,7"", 4G, 64 GB e Câmera de 12 MP","R$4.499,90"
17,iPhone 7 Plus 128GB Ouro Rosa,Sem Estoque.
18,"Capa Protetora, Shield Preta com Pelicula, Iphone 7/8 Plus, Laut, Capa Protetora para Celular, Preta","R$99,00"
19,"Iphone 11 Apple Verde, 64gb",Sem Estoque.
20,Celular Apple iPhone 11 64gb / Tela 6.1'' / 12MP / iOS 13,"R$5.499,99"
21,"Smartphone, Apple, iPhone 7 MN912BR/A, 32 GB, 4.7'', Rosa/Dourado","R$2.590,34"
22,"Iphone 11 Apple Preto, 128gb Desbloqueado - Mwm02bz/a","R$5.999,90"
23,"Iphone 11 Apple Preto, 256gb",Sem Estoque.
24,"Iphone Se Apple Preto, 128gb Desbloqueado - Mxd02bz/a","R$4.219,00"
25,Celular Apple iPhone 11 128gb / Tela 6.1'' / 12MP / iOS 13,"R$5.999,90"
26,Celular Apple iPhone 11 Pro 64gb / Tela 5.8'' / 12MP / iOS 13,"R$8.725,99"
27,"Iphone 11 Pro Apple Dourado, 512gb Desbloqueado - Mwcf2bz/a","R$9.279,00"
28,"iPhone XR Apple Preto 64GB, Tela Retina LCD de 6,1”, iOS 12, Câmera Traseira 12MP, Resistente à Água e Reconhecimento Facial",Sem Estoque.
29,Apple Iphone 12 (128GB Preto) - Desbloqueado Anatel,"R$7.499,90"
30,iPhone 8 64GB Cinza Espacial,"R$4.599,90"
31,Capa Case Compatível Apple iPhone 11 (6.1 Pol.) Silicone (Aveludado) (Microfibra) Box Lacrada (Midnight Blue),"R$39,90"
32,iPhone 11 Pro Max 64 GB Tela 6.5 Polegadas,"R$7.999,90"
33,Película De Vidro Temperado Para Lente da Camera Iphone 12 e 12 Pro - Proteção Da Lente Blindada Anti Impacto Top Premium - Danet,"R$27,99"
34,"iPhone SE 64GB Black Novo Desbloqueado Tela 4,7"" Apple","R$3.999,98"
35,"Iphone 11 Pro Max Apple Verde meia-noite, 64gb Desbloqueado - Mwhh2bz/a","R$7.869,00"
36,iPhone 7 32GB Preto Matte 4G Tela 4.7  Retina - Cam. 12MP + Selfie 7MP iOS 11 - Apple,"R$2.499,90"
37,"Smartphone LG K8 Plus Platinum 16GB 1.5 GHz de RAM Tela 5"" Dual Chip Câmera Traseira de 8MP","R$649,00"
38,"Super Power Carregamento Ultrarrápido para iPhone*, Carregador de tomada 18W USB-C, acompanha Cabo USB-C com conector original MFi Lightning nylon trançado 1.5MT, Geonav","R$145,00"
39,Película de Gel Silicone Flexível Para o VERSO Iphone 11 com Tela de 6.1 Polegadas - Proteção Que Adere E Cobre Toda A Parte Traseira do Aparelho - Danet,"R$29,99"
40,"Iphone Xr Apple 64Gb Product Red 4G 6,1 Retina, Cã¢Mera 12Mp + Selfie 7Mp Ios 12 A12 Bionic Chip","R$4.815,53"
41,iPhone 7 Plus 128GB Dourado,Sem Estoque.
42,"Novo Apple iPhone 12 (128 GB, Branco)","R$7.599,99"
43,"Cabo Lightning Certificado Apple MFi, Anker Powerline+, 3 metros, 6x mais resistente, Vermelho","R$129,90"
44,"kit 3 em 1 veicular para iPhone, composto de 1 cabo para iPhone, iPad, iPod lightning conector original Mfi Apple 1MT, carregador veicular 2 portas USB, suporte veicular, Branco, LIGH31, Geonav","R$39,00"
45,"Capa iPhone 11 Spigen Ultra Hybrid Matte Black, Spigen, Capa Anti-Impacto, Preto","R$219,00"
46,"iPhone Se 2020 User Guide: A Complete Step By Step User Manual For Beginner And Senior To Learn How To Use The Iphone Se 2020 With Tips, Shortcuts And Actual Screenshots","R$81,13"
47,"Novo Apple iPhone 12 Mini (64 GB, Preto)","R$6.899,00"
48,Capa iPhone SE 2020 WB Liberty Anti Queda Apoio Horizontal,"R$69,90"
49,"iPhone 8 Plus Apple 64GB Vermelho Tela Retina HD 5,5 IOS 11 4G e Camera de 12 MP",Sem Estoque.
50,"Capa iPhone XR Spigen Liquid Air Black, Spigen, Capa Anti-Impacto, Preto","R$209,00"
51,Apple Iphone X 64GB Cinza Espacial,Sem Estoque.
52,"Iphone Se Apple Branco, 256gb Desbloqueado - Mxvu2bz/a","R$5.008,20"
53,iPhone 8 Plus 256GB Prateado,"R$5.299,90"
54,"Capa iPhone 11 Pro Spigen Ultra Hybrid Matte Black, Spigen, Capa Anti-Impacto, Preto","R$144,50"
55,"Capa Abbery compatível com iPhone SE 2020, compatível com iPhone 7/8, flor de borboleta roxa, luz Blu-Ray com design diamante luxuoso, capa de telefone TPU de silicone para mulheres e meninas",Preço à tratar com vendedores.
56,2 Películas De Vidro Temperado Original Spigen para iPhone XR/iPhone 11,"R$199,90"
57,Capa Capinha iPhone 12/12 Pro (6.1) Esr Echo Vidro Temperado (Transparente),"R$124,99"
58,"Capa Basic para iPhone 7, Privilege, PRIVCBIP7CLR, Transparente","R$19,00"
59,IPhone 12 User Guide: The Complete Well Illustrated Manual For Beginners And Seniors To Master The New IPhone 12 With Tips And Tricks For IOS 14 (English Edition),"R$0,00"
60,"Carregador de Tomada 1 USB-C PD + 1 USB, Anker PowerPort PD 2, 33W de potência, Carregamento Rápido, Branco","R$169,00"
61,"Capa iPhone XS Max Spigen Ultra Hybrid Crystal Clear, Spigen, Capa Anti-Impacto, Transparente","R$149,00"
62,"Clayco Forza Series Case for iPhone 12 Pro Max 6.7 inch (2020 Release), Full-Body Rugged Cover with Built-in Screen Protector Compatible with Fingerprint Reader (Black)","R$159,99"
63,"Pelicula Hprime invisivel para Apple iPhone 6/ 6S, Hprime, Película Protetora de Tela para Celular, Transparente","R$19,90"
64,"Cabo Lightning 8 Pinos, Elg, INX810GY, Cinza","R$59,00"
65,iPhone XS Max: Metallic Shell - DIP1511GD DOURADA,"R$69,00"
66,"Cabo Lightning Certificado Apple MFi, Anker Powerline+, 1.8 metros, 6x mais resistente, Cinza Espacial","R$105,90"
67,"Cabo Lightning para USB-A, Energy2u, 20cm, Preto","R$18,45"
68,Microfone Digital Estéreo Motiv MV88 - Shure,Sem Estoque.
69,"Capa Iphone 11 Pro Max Apple, Silicone Preto","R$355,98"
70,"COMBO 2 EM 1 - CABO APPLE LIGHTNING 1M + 2M - RECARGA/SINCRONIZAÇÃO - BRANCO - CMB812WH - ELG, Elg, CMB812WH, Branco","R$49,00"
71,Kit Capa E Película Para iPhone 11 Tela De 6.1Polegadas Capinha Case Transparente Air Anti Impacto e Película De Vidro Temperado 3d - Danet,"R$49,99"
72,"Iphone 8 Plus Apple Dourado, 256 Gb Desbloqueado - Mq8r2br/a","R$5.399,90"
73,Despicable Me 2,Sem Estoque.
74,"Geonav Impact Pro X - Capa Anti-Impacto, Branco/Transparente, 79 x 148 x 10 mm","R$80,80"
75,"Pelicula Hprime invisivel para Apple iPhone 7/8, Hprime, Película Protetora de Tela para Celular, Transparente","R$19,90"
76,Capa Ant iShock Reforçada iPhone SE 2020 + 2x Películas de Vidro 3D + Kit Aplicação,"R$35,70"
77,"Capa Protetora Para iPhone 11 Tela 6.1"" Polegadas Capinha Case Transparente Air Anti Impacto Proteção De Silicone Flexível - Danet","R$34,99"
78,"Novo Apple iPhone 12 (64 GB, Branco)","R$7.199,99"
79,Cabo de Lightning para USB (2 m) Apple Original,"R$134,99"
80,"Multilaser AC306 Case Premium Para Iphone 6/6S, Branco","R$20,65"
81,"Capa iPhone 11 Pro Spigen Liquid Air Black, Spigen, Capa Anti-Impacto, Preto","R$199,00"
82,"Capa iPhone 11 Spigen Tough Armor Black, Spigen, Capa Anti-Impacto, Preto","R$199,90"
83,"Capa Poliuretano, Elfo, Iphone XR, Capa Protetora para Celular, Transparente","R$18,83"
84,"Capa iPhone 11 Spigen Liquid Crystal Crystal Clear, Spigen, Capa Anti-Impacto, Transparente","R$189,00"
85,"iPhone 12 Pro and iPhone 12 Pro Max User Guide: The Complete Beginners Illustrated Manual to Master iPhone 12 Pro and iPhone 12 Pro Max, with Tips, Tricks, and Troubleshooting Common Problems","R$64,52"
86,Smartphone Xiaomi Mi A3 64GB 4GB RAM Azul - Global,"R$1.499,00"
87,"Capa iPhone 11 Pro Max Spigen Ultra Hybrid Crystal Clear, Spigen, Capa Anti-Impacto, Transparente","R$149,00"
88,"Pelicula de Vidro temperado 9h HPrime para Apple iPhone Xs Max/iPhone 11 Pró Max, Hprime, Película Protetora de Tela para Celular, Transparente","R$39,90"
89,"Carregador sem fio, almofada de carregamento sem fio rápido, compatível com o Magsafe iPhone 12/12 Pro/12 Pro max/12 Mini,Samsung Galaxy S20/ Note 20, Google, LG, Airpods e outros dispositivos habilitados para Qi","R$135,79"
90,"Pelicula Hprime invisivel para Apple iPhone 7 Plus/ 8 Plus, Hprime, Película Protetora de Tela para Celular, Transparente","R$19,90"
91,"Cabo Apple Lightning, ELG, CNV810PK, Rosa","R$42,90"
92,Apple iPhone 11 Pro Max 512Gb - Cinza Espacial - MWH82LL/A - Desbloqueado,Sem Estoque.
93,"Notebook Ultraportátil Dell Inspiron 13 7000, i13-7391-A10S, 10ª Geração Intel Core i5, 8GB, 256GB SSD, Full HD 13.3"", Windows 10, Prata","R$6.871,94"
94,Película De Vidro Temperado 3D Full Cover Para iPhone 11 Com Tela De 6.1 - Proteção Blindada Top Premium Que Cobre Toda A Tela - Danet,"R$44,99"
95,"Microfone Lightning duplo Lavalier para iOS iPhone 11 Vlog, 6 m BOYA BY-M2D microfone universal de lapela de cabeça dupla com adaptador de plugue Lightning para iPhone 11 10 X 8 7 Mac YouTube Video Facebook Live","R$459,00"
96,Iphone 11 Pro - 256GB - Prata - Vitrine,Sem Estoque.
97,2 Películas De Vidro Temperado Original Spigen para iPhone Xs MAX,"R$159,00"
98,"Capa magnética para celular PITAKA para iPhone 11 de 6,1 polegadas, minimalista, MagEZ 100% fibra de aramida [material de armadura corporal] Capa durável com ajuste perfeito - preto/cinza (sarja)","R$270,00"
99,"Novo Apple iPhone 12 (128 GB, Vermelho)","R$8.499,00"
100,Película de Vidro 3D Para Iphone 11/XR - Virtual Multi,"R$29,45"
101,Fone de Ouvido Apple EarPods Lightning,"R$189,00"
102,"Pelicula NanoShield para Apple iPhone X/XS/11 Pró, Hprime, Película Protetora de Tela para Celular, Transparente","R$56,66"
103,iPhone 7 128GB Prateado,Sem Estoque.
104,"iPhone 6S, Apple, MN122BR/A, 32 GB, 4.7"", Rose/Dourado, Apple, IPHONE 6S MN122BR/A, 32 GB, 4.7'', Rose/Dourado",Sem Estoque.
105,"Apple Iphone 4S 8GB,Single, 3G, IOS, Câm 8MP, Tela 3.5'', Wi Fi Branco",Sem Estoque.
106,"IPHONE 11 BRANCO, TELA DE 6,1"", 4G, 64 GB E CÂMERA DE 12 MP",Sem Estoque.
107,"Capa FYY para iPhone 12 Pro Max 5G 6,7 polegadas [couro de vaca de luxo genuíno] [bloqueio de RFID] Capa carteira com [função de suporte] e [compartimentos para cartão] para iPhone 12 Pro Max 5G 6,7"" Preto","R$179,99"
108,"Capa Protetora Para Iphone 12 Mini com Tela de 5.4"" Polegadas Capinha Case Transparente Air Anti Impacto Proteção De Silicone Flexível - Danet","R$39,99"
109,"Capa iPhone 11 Pro Spigen Rugged Armor Black, Spigen, Capa Anti-Impacto, Preto","R$159,90"
110,"Cabo iPhone, iPad, iPod Lightning conector original Mfi Apple, nylon trançado, 1MT, Cinza Escuro, ESLISG, Geonav","R$56,90"
111,Cabo Apple USB Lightning p/iPad/iPhone 2M MD819BZ/A,"R$134,90"
112,CABO PARA IPHONE ORIGINAL COM CERTIFICADO MFI USBA 2.0 PARA LIGHTNING COM CERTIFICADO MFI ORIGINAL 2 METROS BRANCO - PUALB-02,"R$69,90"
113,"Capa compatível para iPhone 12 Pro Max 6,5 polegadas, Babemall premium retrô elegante padrão floral Blu-Ray capa protetora de quatro cantos com suporte - linda flor/vermelha",Preço à tratar com vendedores.
114,Cabo Usb Lightning 2m Original Apple,"R$299,99"
115,2 Películas De Vidro Temperado Original Spigen iPhone 11 Pro,"R$189,90"
116,"Capa iPhone 11 Pro Max Spigen Neo Hybrid Jet Black, Spigen, Capa Anti-Impacto, Preto","R$194,90"
117,Capa Transparente Air Anti Impacto iPhone 6 6g e 6s 4.7 Antichoque TPU Silicone,"R$33,00"
118,Adaptador iPhone Aux P2 / Lightning Fone Ouvido Qualidade Favix,"R$39,00"
119,Cabo de Lightning para USB 1 Metro - Apple,"R$99,50"
120,"Pelicula de vidro premium para iPhone 7/8/SE 2a. geração, transparente, proteção de superfície oleofóbica e hidrofóbica, alta transparência, resistente a riscos e pequenas quedas, GLIP7T, Geonav","R$29,00"
121,ESR Premium Couro real projetado para iPhone 12 pro max Case [Slim Full Leather] [Suporta carregamento sem fio] [Scratch-Resistant] Case protetora para iPhone 12 pro max polegadas - azul,"R$145,99"
122,"Capa Poliuretano, Elfo, Iphone XR, Capa Protetora para Celular, Transparente","R$19,10"
123,"Capa protetora iPhone XR, TPU flexível nas extremidades, Transparente, CLIXR, Geonav","R$49,00"
124,iPhone Photography Adventures for Kids: Learning through Outings (English Edition),"R$24,99"
125,Kit Cabo Lightning + Carregador Emborrachado KT810WCH,"R$79,90"
126,carregador para iphone 5 6 7 8 8 plus x xr xs 11 xs max carga turbo rapida potente,"R$49,80"
127,Capa Anti Shock Reforçada iPhone SE 2020 + Película Vidro 3D + Kit Aplicação,"R$31,50"
128,Película iPhone 12/12 Pro (6.1) Kingshield Vidro (2xUnid) - Fosca,"R$79,99"
129,"Iphone 12 mini Apple Verde, 256gb Desbloqueado - Mgee3bz/a","R$8.192,86"
130,Cabo de Lightning para USB Apple iPhone iPad charger - ORIGINAL,"R$99,00"
131,"Capa Capinha Anti Impacto Para Iphone 12 Pro Max com Tela de 6.7"" polegadas - Case Com Desenho Fibra De Carbono Shock Queda - Danet (Azul)","R$59,99"
132,"Capa Protetora Para Iphone 12 e 12 Pro com Tela de 6.1"" Polegadas Capinha Case Transparente Air Anti Impacto Proteção De Silicone Flexível - Danet","R$44,99"
133,Adaptador Duplo Iphone 7 8 Plus XS-MAX Fone + Carrega Lightning vermelho,"R$28,00"
134,Carregador Usb Apple Original iPhone X / XS / XR / MAX / 8 / 7 / 6s / SE / 5 / iPad / iPod - A1400 4R6266125,"R$85,00"
135,Caneta Pencil WB Para Apple iPad com Palm Rejection e Ponta de Alta Precisão 1.0mm,"R$250,30"
136,From Fathoms,"R$127,09"
137,Carregador Xioami 10w,"R$125,00"
138,Película iPhone 12/12 Pro (6.1) Kingshield Hydrogel Cobertura Total - Tela,"R$48,99"
139,The Ridiculously Simple Guide to iPhone 12 Mini: A Practical Guide to Getting Started With the Next Generation of iPhone and iOS 14,"R$128,06"
140,iPhone SE 32GB Prateado,Sem Estoque.
141,"Carregador por Indução de mesa 10W, vidro, carregamento rápido, compatível com aparelhos Android e iPhones com padrão Qi, QI10WG, Geonav, Preto","R$113,06"
142,Adaptador Iphone Lightning 2 Em 1 adaptador lightning para iphone Com Função De Chamada Compatível Com IOS 10.3 IOS 11 E Posterior X Xs 10 Iphone 8 / 8Plus 7 / 7Plus Adaptador lightning iphone 7 Recarga e Aúdio Porta Dupla,"R$49,00"
143,Spigen Capa Tough Armor projetada para iPhone 12 / Projetada para iPhone 12 Pro (2020) - Vermelha,"R$199,90"
144,Capa iPhone 12 / iPhone 12 Pro - Defender - OtterBox,Sem Estoque.
145,Cabo De Dados Multilaser Para Ios- WI255,"R$19,90"
146,Case Original Spigen Rugged Armor Para iPhone Se (2020),"R$175,90"
147,Capa Antishock E Impacto Proteção Total Para Iphone 7 de 4.7 Polegadas,"R$10,42"
148,Air Buddies,Sem Estoque.
149,Capa iPhone 8 Plus / 7 Plus - Defender - OtterBox,Sem Estoque.
150,"Iphone Se Apple (product) Vermelho, 64gb Desbloqueado - Mx9u2bz/a","R$3.699,99"
151,Capa Capinha iPhone 12 Pro Max (6.7) Esr Cloud Case Silicone (Preto),"R$119,99"
152,"Capa elago Slim Fit 2 projetada para iPhone SE 2020 / iPhone 8 / iPhone 7, Jean Indigo","R$65,03"
153,Cabo Multilaser De Dados Lighting 8Pin Para Ios Ipod Ipad - WI256,"R$26,90"
154,Kit Capa E Película Para iPhone 11 Pro Max Tela De 6.5Polegadas Capinha Case Transparente Air Anti Impacto e Película De Vidro Temperado 3d - Danet,"R$44,99"
155,"Tripé de selfie com controle remoto sem fio Bluetooth, bastão de selfie extensível 3 em 1 com tripé para iPhone 11/11 Pro/11 Pro Max/X/XR/XS/XS MAX/8/8 Plus/7, Galaxy S10/S9 Plus/S8 Plus/Note 10/8",Sem Estoque.
156,"Capa i-Blason Ares para iPhone 12, iPhone 12 Pro 6.1 polegadas (versão 2020), capa resistente dupla camada transparente com protetor de tela integrado (Azul)","R$170,00"
157,"Capa protetora Impact Pro iPhone XR, TPU flexível nas extremidades e ajuda na absorção de impactos, Transparente/Preto, IPIXRB, Geonav","R$84,18"
158,Película HD Para Lente da Câmera do Iphone 11 Vidro Temperado Transparente,"R$20,09"
159,Case Original Spigen Tough Armor Xp Para iPhone XR 2019,"R$199,90"
160,CAPA CASE CAPINHA SILICONE AVELUDADO IPHONE 11 BRANCA,"R$39,90"
161,CAPA CASE CAPINHA SILICONE AVELUDADO IPHONE 7 VERDE AGUA,"R$39,90"
162,"Capa FYY para iPhone 12 Mini 5G 5,4 polegadas [couro de vaca de luxo genuíno] [bloqueio de RFID] Capa carteira com [função de suporte] e [compartimentos para cartão] para iPhone 12 Mini 5G 5,4"" Preto","R$167,99"
163,"Pelicula HPrime Vidro Temperado Apple iPhone 12 Pro Max 6.7"" -","R$34,90"
164,CAPA CASE CAPINHA SILICONE AVELUDADO IPHONE 7 PRETO,"R$39,90"
165,"ESR Air Armor Projetado para iPhone 12/12 pro Case [Absorção de Choque] [Resistente a arranhões] [Proteção de Nível Militar] Policarbonato Rígido + Estrutura de Polímero Flexível para iPhone 2020 6.1 ""-azul Translúcido","R$79,99"
166,CAPA CASE CAPINHA SILICONE AVELUDADO IPHONE 7 VERMELHO,"R$39,90"
167,"Capa Shamo's compatível com iPhone 12 e iPhone 12 Pro, capas transparentes para iPhone 12/12 Pro à prova de choque com amortecedores de silicone TPU antiarranhões, transparente HD transparente","R$79,99"
168,"Capa para iPhone 7/8 Plus, Anker Karapax Breeze, Proteção Nível Militar, Suporta Carregamento Wireless, Preto","R$99,00"
169,Capa Capinha iPhone 12 Mini (5.4) Esr Echo Vidro Temperado (Preto),"R$119,99"
170,"Capa Poliuretano, Elfo, Iphone XR, Capa Protetora para Celular, Colorido","R$19,10"
171,"Capa Protetora, Shield Preta com Pelicula, Iphone X, Laut, Preta","R$65,70"
172,ESR Premium Couro real projetado para iPhone 12/12 pro Case [Slim Full Leather] [Suporta carregamento sem fio] [Scratch-Resistant] Case protetora para iPhone 12/12 pro polegadas -branco,"R$145,99"
173,"Pelicula de Vidro Temperado 9h para Apple iPhone XR - Privacidade, HPrime, Película Protetora de Tela para Celular, Transparente","R$22,50"
174,"Capa Anti Shock para Iphone Xr 6.1 Polegadas, Cell Case, Capa Anti-Impacto, Transparente","R$22,90"
175,"Capa Case Supcase iPhone SE 2ª Geração 2020/ iPhone 7 / 8, SUPCASE Unicorn Beetle Royal capa projetada para iPhone SE 2ª geração (versão 2020) /iPhone 7/iPhone 8, capa robusta de corpo inteiro protetora de tela integrada (Brown)","R$170,00"
176,"Capa iPhone 11 Spigen Thin Fit Black, Spigen, Capa Anti-Impacto, Preto","R$199,00"
177,Cabo Carregador iPhone Todos Modelos Reforçado Premium,Sem Estoque.
178,"Capa iPhone 11 Spigen Rugged Armor Black, Spigen, Capa Anti-Impacto, Preto","R$219,00"
179,"Pelicula NanoShield para Apple iPhone 7/8, HPrime, Película Protetora de Tela para Celular, Transparente","R$50,70"
180,IPhone 11 PRO - DIP863BL,"R$114,90"
181,"Capa Anti-Impacto Personalizada para Iphone 8 Plus - Espaço Segal - Husky, Husky, Capa Protetora para Celular, Colorido","R$16,75"
182,22 ipod / iphone ready classic collection 2 DVD,Preço à tratar com vendedores.
183,"Carregador Portátil PowerBank Anker PowerCore 20.100mAh, 2 portas USB, Tecnologia de Carregamento Rápido, Preto","R$279,00"
184,"iPhone 12 Pro Max USER GUIDE: A Complete Guide For Juniors And Seniors To Master Their iPhone 12 Pro Max, With The Aid Of Pictures, Tips, Tricks And Shortcuts For Ios14. (English Edition)","R$0,00"
185,Capa à prova d'água Pelican Marine para Apple iPhone Xs Max Clear C43040-001A-CLBC,"R$83,50"
186,"Película de Vidro para iPhone 7/8 Plus, Anker Karapax, Fácil Aplicação","R$35,90"
187,"Capa Anti Shock para iPhone XS Max, Cell Case, CASXSMAX, Capa Anti-Impacto, Transparente","R$15,99"
188,"Capa Poliuretano, Elfo, Iphone XR, Capa Protetora para Celular, Rosa","R$19,10"
189,iPhone For Dummies: Updated for iPhone 12 models and iOS 14,"R$159,74"
190,"Capinha, Capa Silicone Case iPhone XS Max Vermelho","R$49,90"
191,"Capinha Tpu Borda Anti Impacto Transparente Silicone iPhone 11 Pro Max 6.5 Polegadas, Transparente","R$24,99"
192,"Carregador de parede universal 3.4A, 2 portas sendo 1 USB-C (tipo C) e 1 USB, 17Watts, carregamento rápido, bivolt, Branco, CH34ACC. Geonav","R$99,00"
193,Celular Apple iPhone XR 64GB 4G iOS 12 Tela 6.1 - Câm. 12MP - Vermelho,"R$4.499,90"
194,Carregador E Cabo iPhone 5 5s 5c 6s 6 7 Plus Apple Original,Sem Estoque.
195,"Capa iPhone 11 Pro Max Spigen Liquid Crystal Crystal Clear, Spigen, Capa Anti-Impacto, Transparente","R$169,90"
196,"Pendrive SanDisk Ixpand Mini para Iphone e Ipad USB 3.0, 32GB, SDIX40N-032G-GN6NN","R$341,06"
197,Película iPhone 12/12 Pro (6.1) Kingshield Hydrogel Cobertura Total (Tela & Traseira),"R$84,99"
198,"Capa protetora Impact Pro iPhone X/XS, TPU flexível nas extremidades e ajuda na absorção de impactos, Transparente/Preto, IPIXB, Geonav","R$80,80"
199,"Kit Capa Case Anti Quedas Impactos iPhone 11 6.1"" + Película Vidro Temperado, Case-Friendly","R$29,00"
200,"Capa Poliuretano, Elfo, Iphone XR, Capa Protetora para Celular, Transparente","R$19,10"
201,Fone Ouvido Compativel Lightning iPhone 6 7 8 PLUS X XS,"R$35,68"
202,Iphonica,"R$154,00"
203,"ESR Capa Essential Zero para iPhone SE 2020, iPhone 8, iPhone 7, [TPU resistente ao amarelecimento] [Capa traseira espessa de 0,043 mm] [Cantos protetores de ar com absorção de choque] Capa de silicone-transparente","R$39,99"
204,Película iPhone 12 Pro Max (6.7) Kingshield Vidro - Fosca,"R$44,99"
205,CAPA CASE CAPINHA SILICONE AVELUDADO IPHONE 8 PRETO,"R$39,90"
206,"Capa para Iphone 7 Liquid, Spigen, Capa Anti-Impacto, Transparente","R$219,00"
207,"ESR Capa de metal para iPhone XR, suporte vertical e horizontal, proteção contra quedas reforçada, TPU flexível e macio para iPhone XR, transparente","R$96,99"
208,Spigen Capa de cristal líquido com glitter para iPhone 11 (2019) – Cristal de quartzo,"R$199,00"
209,"Iphone Se Apple (product) Vermelhotm, 128gb Desbloqueado - Mxd22bz/a","R$4.044,87"
210,"Pelicula de Vidro temperado 9h HPrime para Apple iPhone 6 Plus/ 6S Plus, Hprime, Película Protetora de Tela para Celular, Transparente","R$14,03"
211,"Capa BoxWave para Apple iPhone 12 Pro [Capa de vidro TrueView] Vidro temperado híbrido com dureza 9H para Apple iPhone 12 Pro, 12 - Transparente","R$106,02"
212,"Carregador Sem Fio Wireless, Anker PowerWave+ Pad 10W, Cabo Micro USB e Carregador de Tomada QC 3.0","R$229,99"
213,"Carregador de tomada PowerPort, 2 portas USB, Potência de 24W, Branco","R$99,00"
214,Película De Vidro Temperado Para Lente da Camera Iphone 12 Pro Max - Proteção Da Lente Blindada Anti Impacto Top Premium - Danet,"R$27,99"
215,"iphone 6 Prata Tela de 4.7, 16GB",Sem Estoque.
216,"Pelicula Invisivel para Apple iPhone X/XS/11 Pro, HPrime, Película Protetora de Tela para Celular, Transparente","R$19,90"
217,CAPA CASE CAPINHA SILICONE AVELUDADO IPHONE 7 PLUS PRETO,"R$39,02"
218,"iPhone SE 64GB White Novo Desbloqueado Tela 4,7"" Apple","R$3.649,90"
219,"ESR Tempered-Glass for iPhone 8/7/6s/6 Screen Protector, iPhone 4.7 Screen Protector, [2-Pack] [Easy Installation Frame] [Case-Friendly] Premium Screen Protector for iPhone 8/7/6s/6, 4.7-Inch.","R$59,99"
220,Adaptador Iphone p2 e carga lightning 2 Em 1 para iphone Com Função De Chamada Compatível Com IOS 10.3 IOS 11 E Posterior Iphone X Xs 11 Max 10 Iphone 8 / 8Plus 7 / 7Plus Adaptador lightning iphone 7 Recarga e Aúdio Porta Dupla,"R$35,00"
221,"Capa Shamo's para iPhone 12 Pro Max 6.7"" (2020), capa de absorção de choque anti-arranhões transparente, TPU com cantos reforçados","R$89,99"
222,"Kit 2x Películas Vidro Transparente Câmera Lente iPhone 11, 11 Pro, 11 Pro Max + Kit Aplicação (iPhone 11 Pro Max)","R$25,00"
223,"Capa para Iphone XR Ultra Hybrid Crystal Clear, Spigen, Capa Anti-Impacto, Transparente","R$149,00"
224,"ESR Clear iPhone 12 Mini Case, Silicone Slim Clear Soft TPU, Capa de Silicone Flexível para iPhone 5,4""(2020), Clear","R$59,99"
225,Película iPhone 11 (6.1) Kingshield Nano Hydrogel Cobertura Total da Tela,"R$48,99"
226,"Pelicula de Vidro Temperado 9h para Apple iPhone X/XS, HPrime, Película Protetora de Tela para Celular, Transparente","R$39,90"
227,Supernatural - Season 6,Sem Estoque.
228,"Shamo's compatível com protetor de tela para iPhone 12 Pro Max, película de vidro temperado para Apple iPhone 12 Pro Max 6.7"", pacote com 3 unidades HD Crystal Clear","R$89,99"
229,"Capa Ngp Pure, Incipio, iPhone X, Capa Anti-Impacto, Transparente","R$39,00"
230,"Pelicula de Vidro Temperado 9h para Apple iPhone XR, HPrime, Película Protetora de Tela para Celular, Transparente","R$39,90"
231,"Capa Capinha Anti Impacto Para Iphone 12 Mini com Tela de 5.4"" polegadas - Case Com Desenho Fibra De Carbono Shock Queda - Danet (Preto)","R$54,99"
232,Capa Tpu Fosca Para Iphone 11 Pro Max com Tela de 6.5Polegadas - Capinha Case De Proteção Ultra Fina Slim Material Silicone Foscovv (Preto),"R$54,99"
233,"Cabo iPhone, iPad, iPod Lightning conector original Mfi Apple, nylon trançado, 1.5MT, Titanium, LIGH10T, Geonav","R$100,00"
234,"Capa de silicone elago para iPhone 11 Pro | Cor| - silicone líquido premium, borda elevada (proteção de tela e câmera), estrutura de 3 camadas, proteção total do corpo, parte inferior flexível, Pastel Green","R$82,80"
235,"Husky Capa Personalizada para iPhone 7 Plus Bailarina Color, Colorido","R$16,80"
236,"Pelicula de Vidro temperado 9h HPrime para Apple iPhone 5/ 5S/ SE, Hprime, Película Protetora de Tela para Celular, Transparente","R$39,90"
237,Capa Slide para o iPhone 11 Com tampa protetora da lente da câmera (Preto),"R$49,99"
238,"Pelicula de Vidro Temperado 9h para Apple iPhone 7/8, HPrime, Película Protetora de Tela para Celular, Transparente","R$39,90"
239,"Capinha Capa Anti Impactos Shock iPhone XR, Case com Bordas Reforçadas, Silicone Durável","R$9,00"
240,Capa Slide para o iPhone 11 Com tampa protetora da lente da câmera (Preto),"R$49,99"
241,"Capa Shamo's para iPhone 12 Pro Max 6.7"" (2020), capa de absorção de choque anti-arranhões transparente, TPU com cantos reforçados","R$89,99"
242,Capa De Silicone Para iPhone 11 Rose Melhor Proteção,"R$39,90"
243,Capa iPhone 11 (6.1) - Commuter - Otterbox,Sem Estoque.
244,"Capa Case Magnetica Imã Anti Impacto, com Stand e Suporte Anel e Rotação 360°, Carbon Fiber, TPU + PC Ultra Slim Suporte Magnético Automotivo, Cor: Preto/Transparente (iPhone 6 e 6s)",Sem Estoque.
245,Capa Corações Bordas Reforçadas iPhone SE 2020 + Película Vidro 3D + Kit Aplicação,"R$37,89"
246,How to create an iPhone app: a 10 steps video guide,Preço à tratar com vendedores.
247,"ESR Air Armor Projetado para iPhone 12 promax Case [Absorção de Choque] [Resistente a arranhões] [Proteção de Nível Militar] Policarbonato Rígido + Estrutura de Polímero Flexível para iPhone 2020 6.7 ""- azul Translúcido","R$79,99"
248,Capinha Silicone Antichoque e Película Vidro 3D Preta Iphone 12 Pro Tela 6.1,"R$27,99"
249,Carregador para Fonte e cabo 1m iPhone 11 X Xr Xs 8 Plus 7 6 6s 5s 5c,Sem Estoque.
250,Mastering the iPhone 12 Pro Camera: iPhone Photography Guide Taking Pictures like a Pro Even as a SmartPhone Beginner (English Edition),"R$24,99"
251,iPhone XS Apple 512GB iOS 12 4G + Wi-Fi Câmera 12MP Cinza Espacial,Sem Estoque.
252,"ROG Phone II - 8GB 128GB , Black","R$3.999,00"
253,"Capa carteira HOOMIL para iPhone X/XS, [Classic Business Series] Capa de couro flip, azul",Sem Estoque.
254,"StarTech.com Cabo USB para Lightning – Certificado Apple MFi – Cabo carregador para iPhone – Cabo Lightning certificado pela Apple, Branco, Branco, 10ft",Sem Estoque.
255,CAPA CASE CAPINHA SILICONE AVELUDADO IPHONE XR VERMELHO,"R$40,00"
256,"Capa para Iphone XR Ultra Hybrid, Spigen, Capa Anti-Impacto, Preto","R$184,90"
257,Capa Tpu Fosca Para Iphone 11 Pro Max com Tela de 6.5Polegadas - Capinha Case De Proteção Ultra Fina Slim Material Silicone Foscovv (Preto),"R$54,99"
258,Adaptador Duplo Iphone 7 8 Plus XS-MAX Fone + Carrega Lightning,"R$28,00"
259,"Cabo iPhone, iPad, iPod Lightning conector original Mfi Apple, nylon trançado reforçado, 2MT, Cinza, LIGH08, Geonav","R$114,92"
260,Película iPhone 12 Pro Max (6.7) Kingshield Hydrogel Cobertura Total (2x Tela),"R$84,99"
261,"Capa iPhone 7/8 Spigen Ultra Hybrid Crystal Clear, Spigen, Capa Anti-Impacto, Transparente","R$149,00"
262,"iPhone XR Waterproof Case Capa, Clayco Omni Underwater Case Shockproof Snowproof Dirtproof Capa à prova de sujeira à prova de neve à prova de choque com protetor de tela embutido para Apple iPhone XR 6,1 polegadas 2018 (Preto)","R$129,99"
263,"Capa Carbon X Slim, GEONAV, Capa Protetora Rígida, Preto, 75 x 145 x 10 mm","R$79,90"
264,"Pendrive SanDisk Ixpand Mini para Iphone e Ipad USB 3.0, 64GB, SDIX40N-064G-GN6NN","R$217,00"
265,"Novo Apple iPhone 12 (64 GB, Azul)",Sem Estoque.
266,"Capa protetora Impact Pro iPhone XS Max, TPU flexível nas extremidades e ajuda na absorção de impactos, Transparente/Branco, IPIXMW, Geonav","R$80,80"
267,"Pelicula Invisivel para Apple iPhone X/XS/11 Pro, HPrime, Película Protetora de Tela para Celular, Transparente","R$19,90"
268,"Capinha, Capa Silicone Case iPhone 11 Pro Max Branco","R$46,90"
269,Pelicula de Vidro 3D Para IPhone XR 6.1 Polegadas,"R$18,20"
270,"Iphone 12 mini Apple Azul, 128gb Desbloqueado - Mge63bz/a","R$7.225,54"
271,Cabo Usb Carregador Rapido Kaidi Original Para Iphone 5 5S 6 6S Plus 7 8 X,"R$19,90"
272,CAPA CASE CAPINHA SILICONE AVELUDADO IPHONE 11 VERDE MUSGO,"R$39,90"
273,"Cabo Lightning Flat para Iphone, 1.0M, Urbano, TG-UD0046, Rosa","R$19,00"
274,"Capa protetora de almofada elago compatível com iPhone 12 Mini (2020) [azul marinho] – design de absorção de choque, suporte para carregamento sem fio","R$76,87"
275,"Película de Vidro 3D, Cell Case, Smartphone Apple Iphone 8 Plus 5.5"", Preto","R$33,15"
276,"Carregador sem fio, almofada de carregamento sem fio rápido, compatível com o Magsafe iPhone 12/12 Pro/12 Pro max/12 Mini,Samsung Galaxy S20/ Note 20, Google, LG, Airpods e outros dispositivos habilitados para Qi","R$73,59"
277,"Pelicula de Vidro Temperado 9h para Apple iPhone 7 Plus/8 Plus, HPrime, Película Protetora de Tela para Celular, Transparente","R$39,90"
278,22 Exito,"R$101,61"
279,"Capa SUPCASE Unicorn Beetle Vault Series projetada para iPhone 12 / iPhone 12 Pro (versão 2020) Capa tipo carteira protetora fina de 6,1 polegadas com suporte para cartão integrado (preto)","R$170,00"
280,"Capa Capinha Anti Impacto Para Iphone 12 e 12 Pro com Tela de 6.1"" polegadas - Case Com Desenho Fibra De Carbono Shock Queda - Danet (Azul)","R$59,99"
281,CAPA CASE CAPINHA SILICONE AVELUDADO IPHONE XR VERDE AGUA,"R$29,90"
282,CAPA CASE CAPINHA SILICONE AVELUDADO IPHONE 8 VERMELHO,"R$39,90"
283,"Pelicula NanoShield Fosca para Apple iPhone XR - VERSO, Hprime, Película Protetora de Tela para Celular, Transparente","R$41,04"
284,"Capa Shamo's Compatível com iPhone 12 Pro Max Clear 6.7"" (2020), Capa de para-choque de silicone TPU macio transparente antiarranhões, HD Crystal Clear","R$79,99"
285,CAPA CASE CAPINHA SILICONE AVELUDADO IPHONE XR BRANCO,"R$34,90"
286,"Capa Anti-Impacto Personalizada para Iphone 6 Plus/ 6S Plus - Astronauta - Husky, Husky, Capa Protetora para Celular, Colorido","R$16,75"
287,Cabo Apple USB Lightning p/iPad/iPhone 2M MD819BZ/A,"R$134,90"
288,CAPA CASE CAPINHA SILICONE AVELUDADO IPHONE 8 VERMELHO,"R$39,90"
289,"Pelicula NanoShield Fosca para Apple iPhone XR - VERSO, Hprime, Película Protetora de Tela para Celular, Transparente","R$41,04"
290,CAPA CASE CAPINHA SILICONE AVELUDADO IPHONE XR BRANCO,"R$34,90"
291,"Capa Anti-Impacto Personalizada para Iphone 6 Plus/ 6S Plus - Astronauta - Husky, Husky, Capa Protetora para Celular, Colorido","R$16,75"
292,"Capa Spigen Tough Armor iPhone 11 Pro Max 6.5"" - 100% Original (XP Satin Silver)","R$199,90"
293,Pelicula de Vidro 3D Para IPhone 12 Pro Max 6.7,"R$39,99"
294,"iPhone 6s Apple Dourado 32GB, Desbloqueado - MN112BR/A",Sem Estoque.
295,"Iphone 8 Apple Cinza Espacial, 256gb Desbloqueado - Mq7c2br/a",Sem Estoque.
296,Kit 3x Películas de Vidro 3D Temperado iPhone 11 11 Pro 11 Pro Max + Kit Aplicação (iPhone 11 Pro),"R$35,00"
297,"Pelicula de Vidro Premium 3D para iPhone 11 Pro, proteção de superfície oleofóbica e hidrofóbica, alta transparência, proteção total da tela, GLIP11P3D, Geonav","R$49,90"
298,Capa iPhone 12 Pro Max - Defender - OtterBox,Sem Estoque.
299,"iphone X Apple 64GB Prata Tela Super Retina HD Oled 5.8 Ios 11 4G, Câmeras de 12 MP Mqac2Bz/A","R$5.498,00"
300,"Phone Photography for Everybody: Creative Techniques for iPhone, Android & All Smartphones","R$159,55"
301,"ESR Suporte de metal projetado para iPhone 11 Pro Max (suporte vertical e horizontal) [Proteção contra queda reforçada] Parte traseira de TPU flexível e macia para iPhone 11 Pro Max (versão 2019), transparente","R$79,99"
302,Capinha Silicone Transparente Antichoque Iphone 5 5S 5C,"R$9,99"
303,"Capa Carbon protetora para iPhone XS Max, lateral emborrachada flexível, acabamento texturizado, Preto, IPSXMB, Geonav","R$89,00"
304,Capa Transparente Air Anti Impacto Iphone 7 E 8 4.7 Antichoque Tpu Silicone,"R$33,00"
305,Película iPhone 12 Mini (5.4) Kingshield Vidro (2xUnid) - Fosca,"R$79,99"
